,date,id,content,username,like_count,retweet_count
0,2023-06-10 13:59:10+00:00,1667531857553129474,@ITSKabBogor Ini kab bogor gaada niatan mau bikin kendaraan dari cibinong ke aeon sentul gitu? Kalah bgt sama kota bogor yg ada transpakuan huft,four4ismine,0,0
1,2023-06-10 13:48:41+00:00,1667529219746975745,@PemkotaBogor min kalo naik transpakuan tpk7 dari bellanova sampe plaza amsterdam itu bisa gaksih? Dan harganya berapa mohon dijawabbbb,four4ismine,0,0
2,2023-06-10 11:38:06+00:00,1667496357270290432,"@yukkkksy @txtdaribogor @adriansyahyasin 10 ribu sepertinya, bukan 4 ribu kayak transpakuan yang mobilnya punya BPTJ",fikrira,0,0
3,2023-06-10 10:45:13+00:00,1667483047380520960,"@adriansyahyasin Di Bogor sendiri, Aeon terhubung langsung dengan Transpakuan Koridor 7 yang menyambungkan langsung menuju ke Pusat kota Bogor. https://t.co/1yzhrbkm1t",txtdaribogor,134,10
4,2023-06-09 19:50:54+00:00,1667257986346270720,jadi inget dulu pas smp pengen bukber atau maen ke mana gitu susaaah bgt izinnya. terus dari situ ibu tiap minggu ngajak nonton biar anaknya ga kabur kaburan naek transpakuan pengen ke botani sama ke btm,esyapoenya,0,0
5,2023-06-09 08:53:15+00:00,1667092480658137088,Si kakak rencananya mau gua bawa pake angkot dan trans  Pakuan ü§£ biar dia merasakan penderitaan kemacetan yang gua rasakan setiap hari ü§£ huahahahaha üòà https://t.co/OGMqn65dKx,helloyeaji0406,0,0
6,2023-06-09 07:00:00+00:00,1667063980857384960,"TransPakuan x TransJakarta

Konsepnya transit di Cibubur. TransPakuan akan  mengantarkan penumpang dari Bogor ke Cibubur. Di Cibubur, TransJakarta akan lanjut mengantarkan penumpang ke Jakarta.

Tarif masih dalam pembahasan &amp; kemungkinan akan terintegrasi.
https://t.co/kv0jPMqaOG",txttransportasi,45,5
7,2023-06-09 05:14:03+00:00,1667037319650775040,"weheey.. mayan ada peningkatan. Cuma itu mesin tap nya masih kurang handal euy.. jauh beda sama yg dipake TransPakuan BisKita.. tinggal tap sebentar langsung respons.. 
@PT_Transjakarta",Pak_Dimas,0,1
8,2023-06-09 00:40:03+00:00,1666968362487025664,"PT Transjakarta segera melakukan uji coba penyambungan rute dengan Trans Pakuan. Rencananya uji coba bakal dilakukan pada Juli 2023 mendatang.

 #Sindonews #news .https://t.co/zLit7a2ANB",SINDOnews,1,1
9,2023-06-09 00:35:02+00:00,1666967100131532800,Semoga bisa terintegerasi tanpa bayar lagi saat transit dari TransJakarta ke Transpakuan,SinatriaNur_Muh,1,0
10,2023-06-08 19:12:07+00:00,1666885836217147393,"@txtdaribogor Trans pakuan jelek banget, mana sekarang bayar 4rb. Jarak deket mending angkot dah.",igtwacc,0,0
11,2023-06-08 15:07:46+00:00,1666824345644326913,@tangankejepitt @txtdaribogor Masuknya ke koridor trans pakuan ya bukan transjakarta. Jd nanti pake kode trayek trans pakuan,dnprxx,0,0
12,2023-06-08 09:14:14+00:00,1666735373500973056,@txtdaribogor @alikashafa2 ihh mending dari rumah ke akses transpakuan trus turun di citeureup naik 64 deh wkwkwk,robbygunadhi,0,0
13,2023-06-08 07:59:23+00:00,1666716539134017538,"Sempat diundur, Transjakarta berencana akan mulai melakukan uji coba integrasi angkutan umum Bogor-Jakarta dan sebaliknya pada Juli 2023 nanti. Layanan integrasi ini akan bekerjasama dengan BisKita Transpakuan.

#infobogor #beritabogor #beritahariini #welovebogor https://t.co/rUOLaDc4cn",infobogor,21,4
14,2023-06-08 07:55:43+00:00,1666715614424203264,"sekali2 jadi akang bogor..
@BuswayFansC 
@BisKota_ 
@CaloTerminl 
#transpakuan
#bogor https://t.co/dDCpSOJuYA",gyukakuramen97,5,1
15,2023-06-08 07:22:24+00:00,1666707231444987911,Operasional Koridor 3-4 BisKita Transpakuan Terhambat Pembangunan Jembatan Otista - https://t.co/pDWlGVRRV6 #biskita,web_bogorkita,0,0
16,2023-06-08 06:43:52+00:00,1666697532771287040,"Ide Integrasi @PT_Transjakarta - @transpakuan Jkt-Bogor ini boleh juga. Kalau boleh kasih Masukan, akses yang rada sulit dari Jakarta ke Cibubur kalau bisa mampir Sentul yg jauh dari stasiun kereta (Cilebeut) palagi Bogor, kalau bisa diintegrasikan juga.
https://t.co/1PFE1ZKKte",octadandy,1,0
17,2023-06-08 06:27:01+00:00,1666693293571448834,"Transpakuan x Transjakarta 

Bogor Baranangsiang - Cibubur
Bogor Bubulak - Cibubur https://t.co/rqlO2ngsZs",txtdaribogor,901,200
18,2023-06-08 03:57:32+00:00,1666655674787418112,Uji Coba Penyambungan Rute TransJakarta dengan TransPakuan Bogor Dimulai Juli 2023 https://t.co/py8epbWWyc,KompasTV,3,0
19,2023-06-08 00:23:38+00:00,1666601846755188736,"Gila, trans jakarta mau sambung rute me trans pakuan. https://t.co/hO6QTLA6NX",helloyeaji0406,0,0
20,2023-06-07 17:32:13+00:00,1666498307978579968,"PT Transportasi Jakarta (TransJakarta) menargetkan uji coba penyambungan rute TransJakarta dan Transpakuan dari Bogor menuju Cibubur, Jakarta Timur mulai Juli 2023. ‚ÄúMungkin dalam waktu dekat ini, target Juli, akan langsung uji coba (penyambungan rute‚Ä¶ https://t.co/siO4HNKjtF",inilahdotcom,0,0
21,2023-06-07 15:57:04+00:00,1666474362416029698,@meladeni Naik transpakuan yang haltenya sebelah Damri terus turun langsung di depan aeon,pengengambis,0,0
22,2023-06-07 09:06:13+00:00,1666370968166744064,Gara gara jln otista di tutup dibikin nyasar transpakuan,faridfrds_,0,0
23,2023-06-06 06:32:49+00:00,1665969977529188352,"Wah, tak terduga! Biskita Trans Pakuan segera berbayar. Jangan sampai ketinggalan info terkini untuk pengguna Biskita. Cepat cek KosaData untuk detailnya! #BiskitaTransPakuan #KosaData https://t.co/DNFc6jALyz https://t.co/9unVRSlOaa",adib_adebran,0,0
24,2023-06-05 14:38:28+00:00,1665729806632091649,"Kalah Gugatan, Perumda Trans Pakuan Kota Bogor Diminta Bayar Ganti Rugi Rp 21 M kepada Eks Karyawan

Klik untuk baca: https://t.co/kIC8Lq5WMF",dedemuyus,0,0
25,2023-06-05 10:08:13+00:00,1665661798287040512,"@txtdaribogor Paling bener angkotnya dimusnahin , suru semua juragan angkot pindah ke bus trans pakuan... SEMUANYA , biar ga macet ama angkot",XhinjiNakano,2,0
26,2023-06-05 03:28:32+00:00,1665561213374267393,"Saat ini, Program Teman Bus Subsidi Ditjen Hubdat memiliki 48 koridor dilayani 741 armada bus dan 111 armada angkutan pengumpan ( feeder). Program Bis Kita untuk Trans Pakuan di Kota Bogor (disubsidi melalui BPTJ) memiliki 4 koridor dengan 49 armada bus.",kabarpenumpang,4,0
27,2023-06-04 13:38:58+00:00,1665352445411872768,"@convomf dulu pas SMA pernah naksir cowok yg ditemuin di trans pakuan, kita duduk sebelahan trs pas gue ambil hp ternyata hp kita merk dan jenisnya sama üò≠ kadang suka ketemu dia tp abis itu gk pernah lagi bahkan gue udh lupa mukanya kek gmn",kembarannyabora,1,0
28,2023-06-04 05:00:54+00:00,1665222069099831297,"Halo Saya Fikri, Mahasiswa S1 Ilmu Administrasi Negara, membutuhkan bantuan terkait penelitian saya mengenai kualitas pelayanan moda transportasi Biskita Transpakuan. Bagi 10 orang terpilih ada reward saldo gopay sebesar Rp. 300.000  

Link: https://t.co/biuyHSxj1L https://t.co/aX7HERNZOi",fikri_hkl,15,16
29,2023-06-04 03:14:03+00:00,1665195179949580294,"BAHHHHH lu harus tau one of my high school heartbreaks adalah duduk di kursi depan transpakuan trs liat ada motor nyalip bis w, gataunya lakik w boncengin cewe üôÉ",selirbujang,0,0
30,2023-06-04 02:24:25+00:00,1665182688901308416,Horee... Akhirnya kesampeian nyobain @Biskita_id @transpakuan kirain bus nya bakal diusir sama kang angkot yg ngetwm di halte üòÖternyata lancar jaya.. https://t.co/dGZqmzVlAr,FadliMohammad,1,0
31,2023-06-01 11:01:40+00:00,1664225695902625792,Rute Bus Trans Pakuan Bogor - https://t.co/JjkQwsnFlY https://t.co/3kmlmh8sw1,idbcpr,0,0
32,2023-05-31 15:37:51+00:00,1663932810422546432,"@bogorfess_ numpang nanya, trans pakuan sentul bisanya pake cash ya? Atau bisa pake ewallet?",N0NINE_,0,0
33,2023-05-31 12:36:27+00:00,1663887161240989696,"Lebih nyaman transpakuan setelah berbayar, udah ga rame kaya pas masih gratis https://t.co/opNHlCm7rg",MuffinPoo_,0,0
34,2023-05-31 04:33:06+00:00,1663765522788515840,"@ipb_menfess Kalau mau naik bis kita turun di halte cidanghiang trus lanjut naik bus trans pakuan, bisnya warna biru, langsung ke sentul",mellynt_,1,0
35,2023-05-26 10:25:00+00:00,1662042140678176768,[Bgr] maaf daks mau nanya kalo dari botani ke Aeon Sentul City mall bisa pake transpakuan yg deket botani ga? Terus kalo mau tau jadwal ke sentulnya liat dimana ya?,bogorfess_,1,0
36,2023-05-25 10:10:10+00:00,1661676021618446336,"@txtdaribogor Kota Bogor ada bus Trans Pakuan. Kabupaten Bogor? Gak usah Kabupaten Bogor deh, Kota Cibinong deh üòå",ariffebriyanto,0,0
37,2023-05-25 08:48:25+00:00,1661655445814263809,"Jalan blm macet. 
Enak bgt naik transpakuan wkwkw",scepticaloflove,0,0
38,2023-05-25 02:53:26+00:00,1661566113149517825,"@bogorfess_ Guys maaf izin nanya. Kalau ke Aeon naik Transpakuan turunnya di mana, ya? Sama kalau pulang nunggu busnya di halte mana? Makasih",hanyabualan,0,0
39,2023-05-24 14:10:47+00:00,1661374188123312131,@pinerapple Mau cuti tapi masih anak baru :( transpakuan mirip transjakarta ya,younjunzg,0,0
40,2023-05-23 09:06:34+00:00,1660935241391828992,Ini Jenis Kartu Non Tunai yang Bisa Digunakan Untuk Naik Biskita Transpakuan Bogor #BiskitaTranspakuan #Bogor    https://t.co/qkloyv82tI,AyoBogorCom,0,0
41,2023-05-23 03:25:00+00:00,1660849280444436481,[bgr] bis transpakuan ada di terminal baranangsiang ga? tarif kalo ke aeon sentul berapa? cash?,bogorfess_,1,0
42,2023-05-22 09:46:36+00:00,1660582925769777153,"Tarif Biskita Transpakuan Mulai Berlaku, Bima Arya Usulkan Pelajar dan Lansia Dapat Diskon¬† | https://t.co/UPhcw6hx2P",inilahkorancom,0,0
43,2023-05-22 07:48:00+00:00,1660553081304780802,"Sebelum diberi Julukan Kota seribu angkot, dulu Bogor pun mendapat julukan sebagai ""Kota Bemo""

Bemo di Bogor sendiri angkutan yang digemari masyarakat sejak tahun 1964 dan mampu bertahan hingga tahun 2002an dan resmi dihapuskan Medio 2008-2009 sebelum akhirnya muncul Transpakuan di 2007 dan era Angkot berkuasa.",txtdaribogor,45,8
44,2023-05-22 07:10:42+00:00,1660543694846726149,"Biskita Transpakuan Tarif Rp4 Ribu, Pelajar dan Lansia Diusulkan Dapat Diskon - https://t.co/b3eSzPRZaF #transpakuan #biskita #bogorkita",web_bogorkita,0,0
45,2023-05-21 23:58:29+00:00,1660434920492400640,@txtdaribogor Nasib na siga trans pakuan moal min ?,royindralesmana,0,0
46,2023-05-21 21:40:33+00:00,1660400209430724608,"Kini Berbayar, Tarif Biskita Transpakuan Ditetapkan Rp 4.000 #TempoFoto https://t.co/Q5k96PQJGD",tempodotco,6,2
47,2023-05-21 14:54:23+00:00,1660297995043377155,"@txtdaribogor @omguguh Bogor itu kota kecil, warga tidak butuh trem untuk transportasi antarwilayah. Lebih baik maksimalkan pelayanan bus Transpakuan, contoh sistem Jaklingko di Jakarta.",HermanWSutisna1,9,3
48,2023-05-21 11:50:08+00:00,1660251627293671424,"Mau tanya, bus kita trans pakuan di bogor sampe jam 21:00 kan? Tapi kok ini udah 1 jam 15 menit ga ada ada ya di halte stasiun bogor üò≠ tanyarl",tanyakanrl,2,0
49,2023-05-21 08:54:17+00:00,1660207373099859968,"Trem = Trem Pakuan
Bus = Trans Pakuan
PSB Bogor = Laskar Pakuan
Kereta Express = Pakuan Express
Sekolah = Univ Pakuan

===

Pakuan adalah sebutan untuk sebuah kota kuno pada masa kerajaan Pajajaran.
Wilayah Pakuan yang telah hilang itu diyakini berada di Bogor. https://t.co/iaOvr3wZF9",txtdaribogor,453,95
50,2023-05-20 19:04:50+00:00,1659998636259045377,"Trans Pakuan ini tadinya gratis. Tapi pas bgt hari ini, dia mulai berbayar. Sambil nunggu transnya dateng, kami ngemil batagor di depan Bappeda, setelah alun-alun. Sejauh ini, kami udah ngemil batagor, siomay, sama milor, semuanya enak, huhu.

Selama 40 menit dia berdiri, kasian. https://t.co/3X2VR389F3",lunerougeoyante,0,0
51,2023-05-20 19:04:50+00:00,1659998633901850624,"Terus berbekal shorts youtube, ngidelah aku pengen naik transportasi umum ke Cimory Dairyland.

1. St. Juanda - St. Bogor (KRL)
2. St. Bogor - Ciawi (Trans Pakuan K2)
3. Ciawi - Cimory (Angkot 02A)

Total perjalanan sekitar 3 jam dengan biaya 3000+4000+7000 = 14.000.",lunerougeoyante,1,0
52,2023-05-20 13:15:31+00:00,1659910727795380229,"Mulai hari ini, Biskita Transpakuan mulai berbayar. Sesuai Peraturan Menteri Keuangan, tarif ditetapkan sebesar Rp 4.000.
Pengguna bisa mengakses Biskita dengan kartu non-tunai, seperti e-Money, Flazz, Brizzi dan Tapcash.
Jadi, pastikan saldonya cukup.

Simak postingan berikutnya https://t.co/32CjB4MqXo",PemkotaBogor,5,0
53,2023-05-20 11:08:35+00:00,1659878783632150528,"@John_bagus_ @txtdaribogor Kabupaten itu, cmn sblm wilayah itu ada wilayah bojongkerta, cikaret, mulyaharja, pamoyanan yg wilayah kota perbatasan kabupaten yg  tida terjangkau trayek transpakuan üòÜ",ndyyyyrm,0,0
54,2023-05-20 08:37:03+00:00,1659840649561268224,BPTJ Gandeng Empat Bank untuk Pembayaran BisKita Trans Pakuan Bogor #TempoMetro https://t.co/bSr7nICf2g,tempodotco,1,0
55,2023-05-20 06:31:24+00:00,1659809028149739520,"Beneran jadi mau ada trem min @txtdaribogor ? ü§î Transpakuan sama angkot dikemanain?

Bagus sih.. alhamdulillaah.. kalau ada trem.. 

manjang sampe Kabupaten gak?",kemlonih,0,0
56,2023-05-20 06:20:31+00:00,1659806289441214475,"Pusat Kota Bogor ini maksudnya seputaran komplek Istana &amp; Kebun Raya gitu? ü§î plis atuh, mohon ditata lbh tertib dulu trayeknya &amp; diintegrasikan dgn Trans Pakuan sedemikian rupa hga rapih lah pokoknya. menata angkot mmg gak semudah menata kata atau kota, tp sy yakin kang BA bisa.",YudhistiraLee,0,0
57,2023-05-20 05:49:48+00:00,1659798558613319682,"@txtdaribogor Modernisasi aja pak kayak di Jakarta biar nyaman pengguna anggotnya . Lagian transpakuan bisa emg menjangkau ke arah‚Äù Ciapus, Cihideung, Warung Nangka sama Mulyaharja üòÖ",ndyyyyrm,85,2
58,2023-05-20 05:26:19+00:00,1659792646838325249,"Angkot kedepannya akan digantikan dengan kendaraan umum ramah lingkungan seperti BisKita Trans Pakuan yang sudah berjalan, kendaraan listrik dan Trem yang akan dibangun kedepannya.",infobogor,3,1
59,2023-05-20 02:54:30+00:00,1659754442366017537,@jalur5_ @PT_Transjakarta Kayak biskita transpakuan üòÖ,KueApeHijau,1,0
60,2023-05-20 02:15:29+00:00,1659744622854430725,"@txttransportasi Menunggu berita: Mulai Sabtu, 20 Mei 2023, BISKITA Trans Pakuan Koridor 2 melayani naik-turun penumpang di Halte Ciawi.

Karena selama ini pick up point terdekat dari Ciawi adalah di Halte Sindangsari 2 (700 m dari Ciawi).",BahasBus,0,0
61,2023-05-20 01:50:00+00:00,1659738209411055618,"Mulai Sabtu, 20 Mei 2023 layanan Biskita Trans Pakuan Bogor resmi berbayar dengan tarif Rp 4.000 / 1X perjalanan. Selain itu juga berlaku penggunaan 1 kartu uang elektronik untuk 1 orang. https://t.co/a2G6B2gEff",txttransportasi,8,5
62,2023-05-20 01:23:33+00:00,1659731555856838656,"Ketimpangan yang terjadi, saat Jakarta mulai me-modernkan angkutan massalnya, justru kota-kota penyangga tak bergegas dengan cara yang sama.
Masih saja mengandalkan angkot.
Kecuali Kota Bogor yang memulai dg Trans Pakuan.",hsolichin,0,0
63,2023-05-20 01:14:30+00:00,1659729276781084673,BPTJ menggaet eempat bank untuk menandatangani perjanjian kerja sama terkait tindak lanjut pelaksanaan pemberlakuan tarif layanan Biskita Trans Pakuan di Kota Bogor https://t.co/nsWrcKYKjN,voidotid,0,1
64,2023-05-19 17:18:33+00:00,1659609498645069825,BPTJ gandeng empat bank terkait pemberlakuan tarif Trans Pakuan https://t.co/qhFjVncJ1d,antaranews,0,0
65,2023-05-19 14:51:33+00:00,1659572507018690563,aku habis ke aeon naik transpakuan for the first time terus pulangnya nonton fast x. hari ini seru sekaliiiii dan ga ngerasa capek samsekü§üüèª https://t.co/YtLdBEj0Ug,yeeunsvt,0,0
66,2023-05-19 13:16:55+00:00,1659548692389720064,"Sementara @DKIJakarta mengembangkan transportasi umum yang lebih baik, namun kota-kota penyangga tak juga beranjak dari angkot.
Mungkin hanya Pemkot Bogor yang mulai berbenah dengan Trans Pakuan.",hsolichin,0,0
67,2023-05-19 12:31:13+00:00,1659537191616544768,"Naik Biskita Trans Pakuan Berbayar Mulai Besok, BPTJ Gandeng 4 Bank https://t.co/ZQO5hvTV9n",liputan6dotcom,1,0
68,2023-05-19 11:24:57+00:00,1659520513004404738,Metode pembayaran Biskita Transpakuan Bogor tetap memberlakukan cashless payment menggunakan kartu non tunai seperti sebelumnya ketika masih gratis https://t.co/9brESfEiKS,voidotid,0,0
69,2023-05-19 08:30:00+00:00,1659476484896202754,[bgr] menurut kalian kalo BisKita TransPakuan K1 pake bus kaya gini cocok gak? https://t.co/9Wb3qW5liF,bogorfess_,4,1
70,2023-05-19 08:03:02+00:00,1659469700127129600,BisKita Trans Pakuan Kota Bogor Mulai Berlakukan Tarif Akhir Pekan ini #TempoTravel https://t.co/J6P5FXeu1M,tempodotco,0,0
71,2023-05-18 16:18:01+00:00,1659231879067828224,"@txtdaribogor Kota Bogor gak segede Jakarta dan rute transpakuan belum banyak, bayar 2 kali masih oke. Tinggal dibikin survei aja, kalau sampai ada yang  banyak 3 kali transit, bisa dipertimbangkan rute baru.",winson_stu,0,0
72,2023-05-18 16:03:18+00:00,1659228174385922051,"@edskywalker @andirafi98 @jalur5_ @BisKota_ @adriansyahyasin @SinatriaNur_Muh Selain Trans Koetaradja, ada Trans Banjarmasin dan BISKITA Trans Pakuan yang juga gratis. Namun, untuk BISKITA, pada 20 Mei nanti akan berbayar (Rp4.000)",BahasBus,0,0
73,2023-05-18 15:36:14+00:00,1659221364547649536,"@txtdaribogor Gak efektif. Sistem transit gak bakal terjadi kalo mindset, ""Trans Pakuan adalah pengganti angkot"" masih ada karena adanya Trans Pakuan bener-bener berusaha ngeganti rute angkot yang udah ada. Pengoperasian rutenya masih perlu dikaji terus biar bisa saling terintegrasi.",arsyi__,1,0
74,2023-05-18 14:51:59+00:00,1659210226359480325,@sipalingpaham @drhaltekehalte Naik trans pakuan ini tapping kah apa masih tunai ka?,anggorowicza,0,0
75,2023-05-18 14:07:25+00:00,1659199011004481539,"@anggorowicza @drhaltekehalte Kalo kayak ke ke kebun raya bogor, sai ramen, surken bisa naik trans pakuan",sipalingpaham,0,0
76,2023-05-18 10:47:07+00:00,1659148603225436162,"Mulai 20 Mei 2023, Tarif Sekali Naik Biskita Trans Pakuan Bogor Dibanderol Rp4.000 | https://t.co/2n39gYrJNa",inilahkorancom,0,0
77,2023-05-18 07:44:07+00:00,1659102552305160193,"Mulai Sabtu (20/5) layanan Biskita Trans Pakuan Bogor akan berbayar, dengan tarif Rp 4000 per sekali naik. https://t.co/BPUPLK6EFN",jalur5_,17,1
78,2023-05-18 07:29:48+00:00,1659098948945039360,"Tolong halte bis transpakuan yang jadi tempat kumpul pengamen punk ditertibin. 
kumpul klo mau naik bis si gpp tapi ini ug mau naik his malah ga dapet space halte",ErickCNugraha,0,0
79,2023-05-18 07:29:36+00:00,1659098897405313027,"@PemkotaBogor Tolong halte bis transpakuan yang jadi tempat kumpul pengamen punk ditertibin. 
kumpul klo mau naik bis si gpp tapi ini yg mau naik his malah ga dapet space halte",ErickCNugraha,0,0
80,2023-05-18 07:29:00+00:00,1659098745844244481,"@txtdaribogor Tolong halte bis transpakuan yang jadi tempat kumpul pengamen punk ditertibin. 
kumpul klo mau naik bis si gpp tapi ini ug mau naik his malah ga dapet space halte",ErickCNugraha,6,0
81,2023-05-18 07:00:00+00:00,1659091449089077248,[BGR] wish/masukan dari kalian buat Biskita TransPakuan apa ges? https://t.co/Ea15jNANGe,bogorfess_,47,4
82,2023-05-18 06:44:38+00:00,1659087581034717188,"Misal, Kita naik Biskita Transpakuan ini butuh 2x ganti koridor untuk mencapai tempat tujuan. 

Kalau mekanisme Transit menggunakan Karcis kayak gini, gimana menurut Barudaks? https://t.co/eeI0xETZ2v",txtdaribogor,142,19
83,2023-05-18 05:20:37+00:00,1659066437040742400,Layanan BISKITA Trans Pakuan di Kota Bogor akan segera berbayar setelah beroperasi gratis sejak 2021. https://t.co/lwq0MqI8SP,detikfinance,0,0
84,2023-05-18 05:20:20+00:00,1659066367163928576,Layanan Biskita Trans Pakuan Bogor akan menerapkan tarif pada 20 Mei 2023 sehingga tidak lagi gratis. https://t.co/z5q8UEoiWD,kompascom,1,0
85,2023-05-18 05:16:02+00:00,1659065283628380160,"Resmi Berbayar, Simak Tarif Biskita Transpakuan Bogor https://t.co/2fb1X70YKa",KompasOtomotif,0,0
86,2023-05-18 02:30:07+00:00,1659023531198525442,"Mulai 20 Mei 2023, Naik Biskita Berbayar Dengan Tarif Rp 4.000 Satu Kali Perjalanan #Biskita #Berbayar #Tarif #Perjalanan #BPTJ #TransPakuan #KotaBogor #Kartu #Non #Tunai https://t.co/o8CfTHwe3c",ceklissatucom,0,0
87,2023-05-17 15:50:21+00:00,1658862528410316800,"@txtdaribogor Klo di Trans Banyumas karena kondisinya sama kayak Trans Pakuan gak ada Halte Transit, maka dibuatkan Tiket Transit dan diberikan oleh sopir saat akan transit https://t.co/22NZ5b60p4",ariffebriyanto,1,0
88,2023-05-17 15:14:08+00:00,1658853415135375362,Untuk menjadi perhatian bapak @BimaAryaS  sebagai  @WalikotaBogor agar dipertimbangkan adanya  keringanan tarif untuk para pelajar dan mahasiswa serta manula  dalam pembayaran Biskita Trans Pakuan..,Andra89996910,0,0
89,2023-05-17 14:46:34+00:00,1658846475093258244,"Pembayaran Biskita Trans Pakuan non-tunai pakai kartu uang elektronik seperti E-money dari Bank Mandiri, Tap Cash BNI, Flazz BCA, dan Brizzi BRI. https://t.co/3QRvlbngjY",kompascom,4,1
90,2023-05-17 14:36:02+00:00,1658843826998394881,"Tarif Biskita Trans Pakuan Rp 4.000, Berlaku Mulai 20 Mei 2023 https://t.co/rB6Pzsj6vC",KompasEkonomi,0,0
91,2023-05-17 14:35:27+00:00,1658843678209654792,Badan Pengelola Transportasi Jabodetabek (BPTJ) Kementerian Perhubungan memastikan bahwa layanan Biskita Trans Pakuan di Kota Bogor akan segera dikenakan tarif berbayar mulai... https://t.co/nfp6vJ3zph,voidotid,0,0
92,2023-05-17 14:30:02+00:00,1658842317287981058,"Biskita Trans Pakuan di Kota Bogor akan berbayar mulai Sabtu, 20 Mei 2023. Besaran tarif dipatok di angka Rp4.000.

 #Sindonews #news .https://t.co/nVs8QSphwq",SINDOnews,0,2
93,2023-05-17 13:59:05+00:00,1658834526649319426,Naik Biskita Trans Pakuan Bogor Bayar Rp 4.000 Mulai 20 Mei 2023 https://t.co/cyvD7PALvR,liputan6dotcom,0,0
94,2023-05-17 13:25:00+00:00,1658825951407398912,"Naik Biskita Trans Pakuan Berbayar Mulai 20 Mei, Rp 4.000 Satu Kali Perjalanan - https://t.co/S8HBwoI8mo #biskita #traspakuan #bogorkita #txtbogor",web_bogorkita,0,0
95,2023-05-17 12:20:03+00:00,1658809602945998849,"Breaking News!

Biskita Transpakuan resmi berbayar dengan Tarif 4.000 dalam 1 kali perjalanan.

Pemberlakuan tarif dimulai pada tanggal 20 Mei 2023.

Untuk Transit, mingor sendiri belum paham nih mekanisme nya. https://t.co/4vADNSnjGV",txtdaribogor,314,157
96,2023-05-17 11:50:04+00:00,1658802059582529536,Semoga Bogorian yang akan menggunakan BISKITA Transpakuan dapat menyesuaikan tarif baru tersebut. Dan terima kasih untuk Bogorian yang selalu menggunakan BISKITA Transpakuan sebagai moda angkutan umum massal pilihan untuk beraktivitas.,PemkotaBogor,0,0
97,2023-05-17 11:49:43+00:00,1658801968574509057,"tarif BISKITA Transpakuan Bogor sebesar Rp 4.000,- untuk satu kali perjalanan atau satu rute.",PemkotaBogor,6,1
98,2023-05-17 11:49:20+00:00,1658801874932469761,"Hai Bogorian..

Tarif BISKITA Transpakuan Bogor kini sudah ditetapkan!!

Yuk simak postingan berikutnya.. https://t.co/BStmkQURok",PemkotaBogor,31,37
99,2023-05-16 17:20:34+00:00,1658522845390213120,Rute Bus Trans Pakuan Bogor - https://t.co/ZnUUGI3Els,idbcpr,0,0
100,2023-05-16 15:35:22+00:00,1658496369152376833,"Tulung tulung, ini lokasi penyambutan penumpang Trans Pakuan dari Bogor untuk transit ke Transjkt maupun LRT. Mau ditaro mana manusianya ya? üôèüèº

@TfJakarta @DishubDKI_JKT @dishub_jabar @PT_Transjakarta @BimaAryaS @ridwankamil https://t.co/r1XvDKMoeI",dinnah_,1,0
101,2023-05-16 07:05:03+00:00,1658367946056687616,Rencana integrasi program antara TransJakarta dengan Trans Pakuan bisa menambah pilihan mobilitas warga Bogor yang bekerja di Jakarta.¬†Namunm   https://t.co/mdACyYraJW,mediaindonesia,0,0
102,2023-05-16 06:40:00+00:00,1658361638704087042,PT TransJakarta bakal lakukan uji coba penyambungan rute dengan TransPakuan tahun ini agar bisa memfasilitasi warga Bogor masuk ke Jakarta. https://t.co/ptzL4yzywh,detikcom,36,25
103,2023-05-16 06:39:33+00:00,1658361525604843520,"Trans Jakarta dan Trans Pakuan Akan Segera Nyambung, Jakarta-Bogor Bebas Macet? https://t.co/fM93bhK4gd",bogorchannel_id,0,0
104,2023-05-16 06:12:08+00:00,1658354626582962176,PT Transjakarta Bakal Uji Coba Penyambungan Rute Layanan dengan Trans Pakuan https://t.co/7GXeg6wNH6,VIVAcoid,1,0
105,2023-05-16 02:47:10+00:00,1658303047054004226,Transjakarta Uji Coba Penyambungan Rute Layanan dengan Transpakuan Bogor Tahun Ini https://t.co/gf6RhjmxMO,liputan6dotcom,5,2
106,2023-05-16 00:40:02+00:00,1658271050592038914,"Direktur Utama PT Transportasi Jakarta (Transjakarta) Welfizon Yuza mengungkapkan tahun ini pihaknya akan melakukan uji coba penyambungan rute dengan Trans Pakuan. Namun, terkait waktu pastinya uji coba itu masih dalam tahap pembahasan.

 #Sindonews #news .https://t.co/K8tBc9wqYn",SINDOnews,1,0
107,2023-05-15 14:54:01+00:00,1658123574102687745,"TransJakarta segera Uji Coba Penyambungan Rute Layanan Trans Pakuan

https://t.co/escBwMikN7",jawapos,0,0
108,2023-05-15 08:32:43+00:00,1658027620079144961,"Trans Pakuan dan Trans Jakarta Tandatangani Nota Kesepakatan, Siap Integrasi Layanan https://t.co/IgsPJ0wmem

#pemkotbogor #welovebogor #bogohkabogor #bogorberlari https://t.co/t3wMyo208i",PemkotaBogor,2,1
109,2023-05-15 03:57:11+00:00,1657958277521752065,"@txttransportasi Smg ada shuttle harjamukti baranangsiang, rencananya pake transpakuan itu kan yah",ilminmittiqin,1,0
110,2023-05-14 22:44:29+00:00,1657879582702460928,"@BimaAryaS TRANS PAKUAN AKAN smpai cibubur,sy baca di mdia online, jjur sngat sulit ke kot bogor, harus pake mtor atu tarnsit ke cibinong atu ciawi bis tdk ada seklpun ada tdk lyak dari krwang, mhasiswa dr botim hrus pake mtor,andi ada dr cibbr akn bnyk warga wisata ke k bgr tks",mamunpru,0,0
111,2023-05-14 15:16:19+00:00,1657766800745201664,"@amzxrud halte cibubur sayangnya ga ekslusif buat tj doang, ada banyak angkutan umum lainnya (tj biasa ada 3, royaltrans, bis, angkot)  yang menyulitkan kita untuk masuk ke halte,, blm lagi mobil/motor yg menurunkan org disekitar area halte, ga kebayang klo nambah transpakuan lagi",sushiismyfavo,1,0
112,2023-05-14 13:30:26+00:00,1657740152251494400,"-cont mending transpakuan bogor ini langsung diarahin ke halte baru bnn atau ya cari halte lain yang masih luang. kalo buat ikutan ke cibubur/halte bkn kayanya udah SANGAT AMAT tidak layakü•π 

demi kenyamanan dan keamanan penumpang, coba didengerin yuk ide dan saran dari kamiü§ó",amzxrud,1,0
113,2023-05-14 13:30:24+00:00,1657740143300866048,"sebagai penumpang setia tj di senin-jumat pagi maupun sore, bisa dong ya keluh kesah dan sarannya didengerin kiw admin @PT_Transjakarta ü§ó

rasanya kalo transpakuan dari bogor dicampur ke cibubur ini bakal PENUH POLLLL diliat dari jumlah penumpang cibuburnya, armadanya, -cont",amzxrud,1,0
114,2023-05-14 13:30:10+00:00,1657740087831191552,"mon maap banget ni gue ga bisa setuju dah sekarangü•≤

kalo baca dari beberapa berita, katanya mau ada rute transpakuan dari bogor ke cibubur dan nanti dilanjut dari cibubur ke jakarta alias bakal ikut ngantri depan cibubur junction nungguin 7C atau royal transü´µ",amzxrud,1,0
115,2023-05-14 13:30:09+00:00,1657740083955638273,"halo guys izinin gue ngomel ngomel mengenai per-transjakarta-an iniü§ó 

sebagai penumpang setia @PT_Transjakarta dari Cibubur-BKN (7C), ku ucapkan terima kasih karna udah bikin rute yang sangat membantu rakyat cibubur dan sekitarnya iniüôè

tapi kalo sampe ada transpakuan masuk?",amzxrud,2,1
116,2023-05-14 00:39:53+00:00,1657546237934182400,@Wie40857467Wie Trans Padang sama Trans Pakuan Bogor 1 karoseri. Tapi beda sasis,tsd_photograph,1,0
117,2023-05-14 00:35:42+00:00,1657545185159675904,"Angkutan massal yang ada di Jakarta tidak diimbangi dengan pengembangan angkutan massal di kota-kota penyangga.
Bekasi, Depok dan Tangerang masih berkutat dengan angkot model lama. Sementara kota Bogor mulai berbenah dengan Trans Pakuan yang akan mengurangi penggunaan angkot.",hsolichin,0,0
118,2023-05-13 23:24:09+00:00,1657527179864084480,Karoserinya sama kyk armada Trans Pakuan Biskita.,krishnayana95,0,0
119,2023-05-13 14:42:59+00:00,1657396024170930179,"dapat kereta tapi nunggu 20 menitan
tadi sampe di stasiun pas 21.27 kek yaallah tau gitu gue gausah nunggu bis transpakuan sampah. mana sinyal jga gatau knp tbtb buka aplikasi ojol malah error https://t.co/xv6scN6VpR",pluppy1s,0,0
120,2023-05-12 14:55:51+00:00,1657036873733120001,"Pemerintah Kota Bogor dan Pemerintah Provinsi DKI Jakarta bekerja sama mengintegrasikan layanan Trans Pakuan dan Transjakarta. Integrasi ini diharapkan memudahkan mobilitas warga dan mengurangi kemacetan. #Metro #AdadiKompas

https://t.co/kB3j1K3t8D",hariankompas,0,0
121,2023-05-12 14:43:42+00:00,1657033813959032835,@bogorfess_ yg transpakuan,5hurup,0,0
122,2023-05-12 14:33:59+00:00,1657031372249223177,Trans Pakuan Jalin Kerja Sama dengan Trans Jakarta https://t.co/YbPXo5WPv5,kobrapostonline,0,0
123,2023-05-12 13:52:39+00:00,1657020967577702401,@txtdaribogor Bubulak leuwiliang naek transpakuan,buduamit,1,0
124,2023-05-12 11:27:05+00:00,1656984335281717254,"@txtdaribogor ini kabupaten emang gak punya niat ya, atau cileungsi kudu join dulu kali ya sama kota biar ada transpakuan Cls-cibubur wkwk",stwannnn,4,0
125,2023-05-12 11:16:00+00:00,1656981548116344832,Titik Pemberhentian Transpakuan Bakal Sampai Cibubur - https://t.co/WqbTNk3mJW,web_bogorkita,0,0
126,2023-05-12 10:20:44+00:00,1656967635907772418,"@NabillaAnggita @txtdaribogor Angkot ada ojol, ngamuk. Angkot ada TransPakuan, ngamuk juga.

Kira-kira, gimana kita bisa maju tanpa ""angkot mengamuk""? üòÇ",ekky_fahreza,0,0
127,2023-05-12 09:26:05+00:00,1656953885477728256,@txtdaribogor Aing can pernah naek transpakuan,RakaMpratama10,0,0
128,2023-05-12 08:59:27+00:00,1656947180492689408,Dalam berita tertulis bahwa Transpakuan ada 2 keberangkatan menuju Cibubur dari Bubulak dan Baranangsiang. https://t.co/0YguimW8M7,txtdaribogor,155,21
129,2023-05-12 06:49:44+00:00,1656914538384752641,"Transjakarta - Trans Pakuan Kerja Sama Wujudkan Layanan Transportasi Terintegrasi

#BacadiBJ
#BeritaJakarta
#DKIJakarta
#JAKI
#WeLoveJakarta

https://t.co/97xywlaUwv",BeritaJakarta,1,0
130,2023-05-12 06:30:56+00:00,1656909806744276992,@FajarKaligo Public transport sdh ditangani dgn baik? Yg ngasih subsidi Public transport gede itu Pemda DKI. Lebih gede dri PSO KAI commuter. Itu aja coverage TJ masih 80% efikasinya perlu ditingkatin. Pemda lain itu g' punya kapasitas fiskal DKI. Pernah dengar Transpakuan berhenti operasi https://t.co/BVCuJUjwHL,aeontargareyn,0,0
131,2023-05-12 05:56:35+00:00,1656901163437146112,"Siap Integrasi Layanan, Trans Pakuan dan Trans Jakarta Tandatangani Nota Kesepakatan https://t.co/8RuF9kEALB",InfoJktCom,0,0
132,2023-05-12 04:07:16+00:00,1656873652787486720,"Trans Pakuan-Trans Jakarta Terintegrasi, Layanan dari Bogor Tembus¬†Jakarta https://t.co/vl3uuJFLHy",bogor24update,0,0
133,2023-05-12 04:01:52+00:00,1656872294625722373,"Saat ini, Transportasi Jakarta (Transjakarta) telah terintegrasi dengan Transpakuan Bogor, Jawa Barat. Integrasi ini diharapkan dapat mempermudah warga Bogor dan Jakarta untuk mobilisasi.

https://t.co/AGigoO7vst",TirtoID,11,1
134,2023-05-12 03:51:57+00:00,1656869799048388608,"@sufiyan_bem @PT_Transjakarta sepertinya hanya kerjasaamaa oper penumpang di cibubur, pakuan sampe cibubur, setelahnyaa silakan naaik mikrotrans aatau trans jakarta",mhelmist,0,0
135,2023-05-12 02:05:09+00:00,1656842922338443264,"Trans Pakuan dan Trans Jakarta Tandatangani Nota Kesepakatan, Siap Integrasi Layanan #TransPakuan #TransJakarta #Transportasi #KotaBogor #Nota #Kesepakatan #Integrasilayanan https://t.co/9S0f9keE9s",ceklissatucom,0,0
136,2023-05-11 18:48:35+00:00,1656733054839459840,"Sepakat Kerja Sama, Trans Pakuan Bakal Terintegrasi dengan Trans Jakarta dan LRT - Radar Bogor https://t.co/eBNhTo7QcY",InfoJktCom,0,0
137,2023-05-11 12:22:35+00:00,1656635914729439232,"Transpakuan dari Bubulak dan Baranangsiang ke Cibubur, Sambung Transjakarta ke 5 Rute #TempoMetro https://t.co/JFThWTt03B",tempodotco,1,0
138,2023-05-11 08:11:39+00:00,1656572766353776640,"Hari ini, Kamis (11/5), telah dilaksanakan penandatanganan nota kesepahaman (MoU) Transjakarta dengan Trans Pakuan oleh
Direktur Pelayanan dan Pengembangan Transjakarta Lies Permana Lestari dan Direktur Perumda Trans Pakuan Kota Bogor Rachma Nissa Fadliya disaksikan https://t.co/ThGbj8Uajd",PT_Transjakarta,9,0
139,2023-05-10 04:17:10+00:00,1656151369219469312,"Asyik! Dengan adanya konektvitas ini, bepergian bisa jadi lebih efektif dehüôå

FYI, nantinya layanan rute Trans Pakuan ada perpanjangan dari Bogor menuju Cibubur, Jakarta Timur yang bakal langsung tersambung dengan layanan TransJakarta lho~ü§©

Source: @SINDOnews https://t.co/xDf8KI3Mml",LINIKINI_ID,3,0
140,2023-05-10 04:10:24+00:00,1656149663375065090,"Trans Pakuan Bogor Bakal Terhubung dengan TransJakarta, Ini Rencana Bima Arya

https://t.co/asMizbjWTG",PRBogor,0,0
141,2023-05-10 02:03:24+00:00,1656117705651654656,@sadzikri_ @kabarpenumpang @mas_triadhianto TransPatriot masih banyak pr-nya kalo mau ningkatin ridership. mgkn bisa benchmarking ke TransPakuan,habibdono,0,0
142,2023-05-08 13:18:43+00:00,1655562876059525121,"ini mah markli lagi nungguin bis transpakuan di halte kppn

https://t.co/BTp9NC2vxF",yippeehunnie,0,0
143,2023-05-08 11:18:08+00:00,1655532530676940805,Transpakuan dan Transjakarta Kerja Sama Siapkan 100 Bus Layani Warga¬†Bogor https://t.co/nnvB7yYg4x,teropong_news,0,0
144,2023-05-08 04:50:16+00:00,1655434923073830915,"@infobogor semoga di cibubur @PT_Transjakarta siap armadanya menampung transitan dari Trans Pakuan, pasca lebaran aja luber2. mungkin klo LRT sudah beroperasi yg transit dari Trans Pakuan ada alternatif jika gak kebagian Transjakarta",priyo_pio,0,0
145,2023-05-08 04:11:51+00:00,1655425255526252545,"Nantinya, akan ada BisKita Trans Pakuan rute Baranangsiang - Cibubur dan Bubulak - Cibubur, dan kemudian bisa melanjutkan perjalanan ke Jakarta menggunakan Transjakarta dari Cibubur. Rencana ini masih dalam proses administrasi dan pemilihan jalur rute terbaik.",infobogor,10,1
146,2023-05-08 04:11:51+00:00,1655425251906555905,"Kabar gembira untuk pengguna Trans Pakuan dan Transjakarta. Pasalnya, Pemerintah Provinsi (Pemprov) DKI Jakarta bersama Pemerintah Kota (Pemkot) Bogor tengah berencana untuk melakukan integrasi pada dua angkutan umum tersebut.

#infobogor #beritahariini #beritabogor #welovebogor https://t.co/Fejzj2Qf0V",infobogor,47,10
147,2023-05-07 06:47:04+00:00,1655101926856626176,"Transjakarta Sambung Transpakuan dari Bogor ke Cibubur, DKI: Ada 100 Bus dan Akan Tambah #TempoMetro https://t.co/mxZC6VuRgg",tempodotco,3,2
148,2023-05-07 04:57:16+00:00,1655074293452247040,Naik Transpakuan di weekend lewat empang sejauh ini tidak mengalami kemacetan yg gimana2,John_bagus_,0,0
149,2023-05-07 02:11:14+00:00,1655032509854531584,"Top News Koran Rakyat Merdeka

Pemprov DKI-Bogor Kawinkan Rute Transjakarta Dan Trans Pakuan 
Yuk, Dukung Kepala Daerah Bangun Transportasi Publik https://t.co/baIZe8GuR4",_rakyatmerdeka,0,0
150,2023-05-06 02:53:39+00:00,1654680800498163714,@tsvkoyomi @jalur5_ @IqbalFahma Ntar naik Trans pakuan yang rencananya akan dipanjangin ampe Cibubur n stopnya katanya gajauh dari Stasiun LRT Harjamukti,FelixSGL1,0,0
151,2023-05-06 02:45:48+00:00,1654678824385404930,@txtdaribogor Apalagi bentar lagi kalo LRT udah beroperasi bisa turun di Harjamukti kan keren tuh. Bener2 ngurangin kepadatan di KRL karna Manggarai. Yang notabene semisal tujuan orang Bogor ngantor ke Sudirman gausah lagi ke Manggarai dari Stasiun Bogor. Mending naik Trans Pakuan lanjut LRT,FelixSGL1,0,0
152,2023-05-05 22:59:12+00:00,1654621796623339521,Masalah kerja sama transportasi ya kami mengajak kerja sama Trans Pakuan dan TransJakarta.¬†https://t.co/lFc17DKsSN,antmegapolitan,0,0
153,2023-05-05 21:32:10+00:00,1654599893628129281,"@txtdaribogor Mending benahin angkot + optimalisasi transpakuan nya. Bikin trem yg di jalan yang kadang gede kadang kecil itu apa gak bikin macet dh setiap hari juga macet. Kalau ngebet jg kenapa gk bikin metro/mrt yg bawah tanah aja biar gak bikin macet, lebih modern lagi.",davisdaniyar,0,0
154,2023-05-05 18:43:43+00:00,1654557502074392577,Trans Pakuan Tak Lama Lagi Akan Terhubung dengan TransJakarta https://t.co/d01QwPW2rQ,Beritasatu,1,0
155,2023-05-05 16:42:03+00:00,1654526884410175491,Bima Arya: Trans Pakuan akan terhubung dengan TransJakarta arah Cawang https://t.co/KilBdMuLmz,antaranews,1,0
156,2023-05-05 12:38:30+00:00,1654465594606125056,@akunmusaba @muchlis_ar @PT_Transjakarta Bogor punya transpakuan pak sudah mulai banyak penggunanya jg,itsyourbaeeee,0,0
157,2023-05-05 11:57:03+00:00,1654455163388665858,"Trans Pakuan Bogor akan Segera Tersambung dengan Transjakarta, Karena Pecahnya Kepadatan KRL https://t.co/YtgDCUg95Z",bingkainasional,0,0
158,2023-05-05 08:41:16+00:00,1654405891649839105,"@syahbara @txtdaribogor Sepakat, dari pada harus naik kereta yg dri Nambo nunggu nya hampir 2 jam huhu, apalagi klo udah ketinggalan kereta, tolong kalo bisa Transpakuan bikin rute yg lewat Citeureup, gunung putri kek",anjaiyaa,0,0
159,2023-05-05 08:18:40+00:00,1654400204882190337,"@syahbara @txtdaribogor bikin dulu sistem kayak transpakuan. inisiatif juga lah pemda, kan penduduknya lebih banyak dr pemkot, ekonominya jg lebih besar. masa bikin program transportasi umum yg bagus gabisa",nairebiss,1,0
160,2023-05-05 07:15:05+00:00,1654384200576028674,@puremagicalsoul @txtdaribogor Weeee let‚Äôs gooo curug naik transpakuan,nadiayuriz,0,0
161,2023-05-05 06:58:16+00:00,1654379970452680705,@txtdaribogor di luar isue politik setuju banget sih klo misal beneran ada dan makin terintegrasi. apalagi rumah dr ciawi lumayan bisa dijangkau transpakuan gak harus naik KRL terus,Westina7,0,0
162,2023-05-05 04:29:27+00:00,1654342518480465920,"Rute Trans Pakuan akan Ditambah, Warga Bogor ke Jakarta Turun di Cibubur Lanjut Dijemput TransJakarta https://t.co/GYBK180oTR",PRFMnews,5,0
163,2023-05-05 02:44:49+00:00,1654316188246372353,"@txtdaribogor Padahal di 2014an sempet ada transpakuan bogor-blok m. Lewat
 Semanggi, abis itu masuk jalur busway. Poolnya di bubulak.",dahliapanda,1,0
164,2023-05-05 01:17:45+00:00,1654294274513719296,@txtdaribogor 7C Cibubur-BKN kusut parah. Kalau nanti TransPakuan ke Cibubur semoga ada peningkatan pemberhentian Cibubur juga,mhmiql,0,0
165,2023-05-05 00:28:02+00:00,1654281766633635840,"Tidak Gratis Lagi, Biskita Trans Pakuan Bogor Segera Berbayar https://t.co/iGZclO26QE",KompasOtomotif,0,0
166,2023-05-04 23:39:24+00:00,1654269523942408192,"Transpakuan ini blm kaya TJ yaaahhh, blm punya jalur sendiri, jd masih ikut macet¬≤an kalo lg macet. Tapi mau bikin jalur sendiri juga gimana yah, jalan tambah sempit, yg ada tambah macet juga da pabeulit wkwk",JempolKJMyeon,0,0
167,2023-05-04 22:33:00+00:00,1654252815639011329,"Nah gitu dong colab @PT_Transjakarta sama trans Pakuan Punya nya @BimaAryaS,, Btw duit APBD Bogor cukup gak. ü§≠",abdulmananzy,0,0
168,2023-05-04 16:36:13+00:00,1654163030194651137,"@nikoprvz @txtdaribogor Betul, kayanya bakal operasi transpakuan pas lrt udh dibukaaa aaaaaa sukak. Kalo perlu sih lrt smpe bogor haha",sunsansannn,0,0
169,2023-05-04 15:29:35+00:00,1654146259433959425,"Wali Kota Bogor Temui Pj Gubernur DKI Jakarta, Bahas Tambah Rute Trans Pakuan https://t.co/ExH1CwIFtt",liputan6dotcom,0,0
170,2023-05-04 15:29:13+00:00,1654146165644902403,@txtdaribogor mayar teu sih transpakuan teh,doingsh1t,0,0
171,2023-05-04 15:25:32+00:00,1654145239458750464,"@txtdaribogor Maap jangan dlu Transpakuan, mending angkot ini dibikin jaklingko dlu deh, soalnya yang utama itu jalan nya klo Masi banyak angkot yang ngetem nanti yang ada gada buntut nya macet mulu",Dymasah,1,0
172,2023-05-04 15:20:00+00:00,1654143848103178245,ada yang request transpakuan sampe ke leuwiliangü§£üòå https://t.co/azpKCb3KsD,shofanotsopa,0,0
173,2023-05-04 15:09:18+00:00,1654141153707532288,pak adain transpakuan ke kabupaten atuh ya Allah aku udah muak dengan perangkotanüò≠üò≠üò≠üò≠,ciiiku_,0,0
174,2023-05-04 15:08:01+00:00,1654140834219196417,Pemprov DKI dan Pemkot Bogor kerja sama terkait Transjakarta dan Trans Pakuan. https://t.co/WnCRtyzPJZ,republikaonline,1,0
175,2023-05-04 14:16:11+00:00,1654127786112749572,"Kalau dari rencana sih kerjasama Tj sama Transpakuan jadi kemungkinan bener transit Cibubur junction.

LRT mungkin opsi buat langsung ke tengah Kota.

""[antinya ada layanan rute tambahan dari Bogor ke Cibubur. Bus-bus Transjakarta akan menjemput para penumpang dari Bogor dan menyambungkan mereka untuk masuk ke Kota Jakarta.""",txtdaribogor,2,1
176,2023-05-04 14:15:56+00:00,1654127723869253634,Ohh transpakuan bukan biskita wkwkwk,dearwoozily,0,0
177,2023-05-04 13:53:56+00:00,1654122188038094849,"Disclaimer : No Politik, no buzzer!

Rencananya Transpakuan dari Kota Bogor sampai Cibubur, lalu disambung menggunakan Transjakarta menuju area Jakarta yang lain..

Menurut kalian gimana Barudaks PP Bogor - Jakarta? https://t.co/7VgpFGdTuv",txtdaribogor,709,98
178,2023-05-04 12:33:58+00:00,1654102063595548672,Penambahan rute Trans Pakuan Bogor-Cibubur sedang dalam urus perizinan. https://t.co/WE6wrKfHd7,republikaonline,2,1
179,2023-05-04 12:01:48+00:00,1654093967250841602,"@akunmusaba @muchlis_ar @PT_Transjakarta Lah, Depok mah ga diajak Pak üôè.

Bercanda. Tiap kota ada sistem busnya yang dikelola Pemkot masing-masing. Bogor punya TransPakuan. Bekasi punya Trans Patriot. Tangerang punya Tayo.

Depok? Saya baru juga tau, ternyata ada D'Gol (Depok Go Lancar).",fdstlk,0,0
180,2023-05-04 10:26:10+00:00,1654069903706693633,"Bima Arya Bertemu Heru Budi, Bahas Kerja Sama TransJakarta dan Trans Pakuan https://t.co/XTkWBFVT2u",merdekadotcom,0,0
181,2023-05-04 09:40:15+00:00,1654058347841351682,"@bogorfess_ Ke halte cidangiang sebelah botani, trs naik bis transpakuan yg warna biru. Tarif 12k sekali jalan, lgsg turun depan halte aeon. Ini jadwalnya y https://t.co/XOv3scWv91",scherbatskydayn,6,1
182,2023-05-04 08:00:16+00:00,1654033184038998016,@bogorfess_ Ke halte cidangiang samping botani naik transpakuan yg ke aeon,SartikAlifah,0,0
183,2023-05-04 07:35:04+00:00,1654026843354447874,TransJakarta direncanakan beroperasi sampai bogor dengan menggandeng Trans Pakuan.  https://t.co/0xM8O4tDhp,mediaindonesia,0,0
184,2023-05-03 23:54:55+00:00,1653911043515764736,niatnya ingin me time ke aeon sentul naik transpakuan keanya seru,jiminieejoah,0,0
185,2023-05-03 01:11:30+00:00,1653567926035959808,"Penutupan Jalan Otista akibat proyek perbaikan Jembatan Otista mempengaruhi banyak aspek di Kota Bogor nih #Bogorian. Salah satunya adalah perubahan rute transportasi publik BisKita Trans Pakuan.

#infobogor #kotabogor #jalanotistakotabogor #jembatanotista #welovebogor https://t.co/99pUW8h8iO",infobogor,54,31
186,2023-05-02 17:53:49+00:00,1653457780878217216,"@indittgo @amilies_ @bogorfess_ Oalah begitu, tapi pasti ada yg transpakuan ke aeon untuk pulang lagi nya? Cuma jadwal nya gak tentu gitu yaa?",jco_ffee,0,0
187,2023-05-02 12:24:24+00:00,1653374881650843656,"Kl transpakuan emg ada yg ke arah sentul ya gais, naik dari samping botas terus turun di halte aeon wkkwkw, di mcd sentul juga sabi",nadirabelindaaa,0,0
188,2023-05-02 03:54:08+00:00,1653246469867180034,@ohhinsomnia bogor aja ntar naik transpakuan,embuhlaj,0,0
189,2023-05-02 02:03:41+00:00,1653218671526055936,"@bogorfess_ misi ni nder gak paham soalnya, trans pakuan bogor bayarnya pake kartu apa aja ya?",MawarChandra3,0,0
190,2023-05-01 22:49:53+00:00,1653169902025601024,"@irfantfk @bogorfess_ Oalah gituuu, kalau pulangnya mau naik transpakuan lagi itu gimanaa??",jco_ffee,0,0
191,2023-05-01 22:49:19+00:00,1653169759947735040,"@amilies_ @bogorfess_ Oalah begitu, sekalian kak mau nanya, kalau pulangnya mau naik transpakuan lagi bisa gaa? Apa harus ke belanova??",jco_ffee,0,0
192,2023-05-01 17:39:46+00:00,1653091855847026689,@bogorfess_ Transpakuan nderrr klo liat di ig mah,ileuvvme,0,0
193,2023-05-01 14:59:34+00:00,1653051541824368640,@bogorfess_ Kalo trayek biskita baru berarti lebih murah dong tiketnya ga semahal transpakuan? Apa sama aja yak kek transpakuan,skinbrotha,0,0
194,2023-05-01 14:55:00+00:00,1653050390756356099,@bogorfess_ Kayaknya emg transpakuan deh? Soalnya kl tp diganti biskita udh ada pengumumannya ga si dari jauh2 hari? Di akun ignya tp juga ga ada apa2 wkwk,scherbatskydayn,3,0
195,2023-05-01 14:54:51+00:00,1653050355033477121,"@bogorfess_ ini transpakuan keknya, kalau biskita cuma 6 koridor",lalalaaaan25,0,0
196,2023-05-01 14:45:15+00:00,1653047938858500097,@KAI121 @keepcalmbroh Saran si kakak bagus lho min. Masa kalah sama Bus Trans Pakuan Bogor sih min üôÇ,egarenmega,0,0
197,2023-05-01 14:40:00+00:00,1653046616805478400,[bgr] ini beneran biskita ada K7?? atau ini transpakuan? https://t.co/gXs4trIfV8,bogorfess_,62,3
198,2023-05-01 14:37:53+00:00,1653046084133097477,"Bus transpakuan itu nyaman dan aman, tapi koridornya belum banyak dan peta rutenya belum jelas karena ga semua halte ada peta rutenya",softhunderboi,0,0
199,2023-04-30 23:41:08+00:00,1652820410625585153,Rute Bus Trans Pakuan Bogor - https://t.co/oESwTHVYVa https://t.co/CbuHVLqQmE,idbcpr,0,0
200,2023-04-30 20:49:33+00:00,1652777230056161280,"@Hasbil_Lbs @B_nin927 @brin_indonesia Dulu sya pernah kerja sama dgn IPB n Wali Kota Bogor Diani Budiharto 
Membuat Minyak jelantah menjadi Biodiesel dan menjadi bahan bakar Trans pakuan , dulu Wakil Wali Kota Bogoro dri Demokrat Usmar Hariman suport luar biasa tpi setelah itu sama Bima Arya di tenggelamkan.",khoirularkan8,2,0
201,2023-04-29 11:09:31+00:00,1652268870584135680,"@ipb_menfess dari bara/depan perwira naik angkot biru ke arah bubulak (kl bingung tanya masnya aja), trs sampe bubulak baru naik transpakuan yg K2 arah ciawi trs turun di halte bappeda",p0tat0cip,0,0
202,2023-04-29 10:46:43+00:00,1652263134391074816,Pertama nyobain naik trans pakuan wkwkw https://t.co/yH7ZMXzIrB,___ganbaruru,0,0
203,2023-04-29 09:41:32+00:00,1652246732418465792,@bogorfess_ dari cidangiang ke aeon pake trans pakuan berapa sih tarif nya,vxshree,0,0
204,2023-04-28 07:23:51+00:00,1651849695134908416,"Kalo yang lemot kartunya, kenapa kartu elektronik (khususnya kartu e-money) bisa discan secara cepat di mesin tap versi terbarunya BisKita Trans Pakuan, Bogor? Bahkan lebih cepat dari mesin tap di gerbang tol. Hmmm menarik, sempet kagum juga sama mesin tap barunya BisKita TP ini.",siorangcupu,0,0
205,2023-04-28 03:10:54+00:00,1651786038539620352,Tur dimulai‚Ä¶ naik bus transpakuan duluü´† https://t.co/xDlPGXUgqy,DanielTantra,0,0
206,2023-04-27 12:23:57+00:00,1651562829957459969,duhai @PT_Transjakarta mending ganti deh mesin tap nya kayak yg dipake TransPakuan.. mau tap out aja harus ngantri panjang dan makan waktu? https://t.co/mzNiKLxX03,Pak_Dimas,0,1
207,2023-04-27 03:17:28+00:00,1651425303254962176,"@adriansyahyasin Untung di Bogor naik Transpakuan ngikut metode Transjakarta, tap kartu di depan baru naik..",eltocuyo1446,0,0
208,2023-04-26 05:03:19+00:00,1651089552986226688,"Trans pakuan tarif nya berapa ya???????????
@Biskita_id 
@jalur5_",NurRnurhakim87,0,0
209,2023-04-26 02:03:02+00:00,1651044183124353024,@yiejiapsa @Eigengrauf @adriansyahyasin Sebelom2nya sistem Bus terintegrasi gini belum ada ya? Klo dulu kan d bogor sempet ada trans pakuan tp abis itu bangkrut n tutup terus katanya sekarang mau diadain lagi.,ditobatman,0,0
210,2023-04-26 00:31:29+00:00,1651021140985548801,"Kurang efisien ga sih? apalagi kalo ada kertasnya gitu terus bayangin di jam anak-anak berangkat sekolah yang rame hikss

Sistem Trans Pakuan Bogor lebih cocok kali yaa. Di awal nge-tap di pintu masuk terus duduk deh. Minusnya penumpukan di pintu masuk kalo lagi rame",sagittariuscnd,0,0
211,2023-04-26 00:15:02+00:00,1651017000792240129,@nurrohmanaf96 @adriansyahyasin Transpakuan bogor tap sendiri pas baru masuk ka. Sekarang bukan transpakuan deng jadi biskita.,anakkentank_,0,0
212,2023-04-25 14:11:52+00:00,1650865211589660674,"@adriansyahyasin bang harus banyak main ke luar kota,
naik bus Transjakarta udah pasti sering,cobain trans Jogja,trans Pakuan Bogor,trans Semarang,trans Medan dll seru caranyaü§£",nurrohmanaf96,51,1
213,2023-04-24 13:54:01+00:00,1650498329959186433,"@bogorfess_ transpakuan, tunggu aja tiap 30 menit dia dteng kalo ga macet..",gem4thfaen,0,0
214,2023-04-24 02:54:23+00:00,1650332329888583680,"@bogorfess_ Ada, naik transpakuan di halte depan aeon aja. Ini jadwalnya ya https://t.co/ySuV0kMM4X",scherbatskydayn,0,0
215,2023-04-23 19:01:00+00:00,1650213199722213376,"Di Bogor yang belum ke atas banget
.
.

Trans Pakuan

2| BUBULAK - CIAWI
Hino FB130
Nucleus
Laksana Caroserrie

TP| CIDANGIANG - MAL BELLANOVA
Isuzu NQR-71
City Liner
Rahayu Santosa Caroserrie
üìç Cidangiang https://t.co/2FFebsHbrv",AdiiAFVs,0,0
216,2023-04-23 04:46:36+00:00,1649998179335831557,"@_siwww @txtdaribogor Emang dari dylu masalahnya angkot kok ü§£ü§£
Mw brapa walikota, dr jaman gw kecil tetep we angkot.
Katanya mw dikurangi, nyatanya tetep aja macet, palagi pas jam sibuk, ama sore.
Bis kita, transpakuan, tetep aja ga ngaruh",cendolhunter,3,0
217,2023-04-23 02:46:14+00:00,1649967891738165249,@bogorfess_ Liat di ig transpakuan nder. Cuma gatau deh kalo lebaran gini biasanya suka libur. Tapi di cek aja di ignya. Buat jadwalnya itu dia setiap 30 menit ada sampe jam 10:30 malem dari aeon itu bis terakhir,vozmvyz,0,0
218,2023-04-19 05:52:01+00:00,1648565090164015104,"@arungbudoyo Yg gw liat di Biskita Transpakuan.

1. Penumpang turun bilang makasih üòä‚ù§Ô∏è
2. Sopir terlihat jelas bekas sopir angkot kawakan, bawa mobilnya lebih baik dari kebanyakan sopir TransJakarta.
3. Tidak diganggu jalur sepeda salah kaprah, lantai bus bisa deket selangkah dari rotoar.",LeonardEricLie,0,0
219,2023-04-18 21:30:40+00:00,1648438921280503808,"Biskita Transpakuan Berbayar Rp4.000, Mulai Awal Mei 2023 - https://t.co/AmUQISPhmI #biskita #biskitabogor #transpakuan",web_bogorkita,0,0
220,2023-04-18 15:57:26+00:00,1648355063654662145,"Dari kajian Pemkot Bogor menetapkan tarif Rp 4.000 untuk BisKita Trans Pakuan. Usulan sudah disampaikan ke Kementerian Perhubungan, lalu  dan sudah disetujui. Kementerian Keuangan, dan setpres untuk disetujui.

https://t.co/SjRAL6mgI3

 #Metropolitan #AdadiKompas",hariankompas,1,0
221,2023-04-18 13:39:06+00:00,1648320248947564544,@PT_Transjakarta coba dong diganti mesin tapnya sama seperti yg dipake TransPakuan. https://t.co/1FVDiL3krx,Pak_Dimas,0,1
222,2023-04-18 13:20:55+00:00,1648315672110460928,"@txtdaribogor Bisa aja sih ini, asal ada angkutan umum yang  seperti  trans pakuan yg bisa menggantikan.",OscarGea2,0,0
223,2023-04-18 07:49:21+00:00,1648232230580555778,Yth. Pak @BimaAryaS dan @dishubkotabogor mending suruh supir angkot Bogor yang demo tolak #Transpakuan gratis untuk ikut #BisKita Transpakuan karena warga berhak atas angkutan umum yang nyaman dan murah untuk mudik. Kami baru baca dari @detikcom,AndreRyanAutism,0,0
224,2023-04-18 07:34:57+00:00,1648228608165523457,Wali Kota Bogor Bima Arya tanggapi tuntutan sopir angkot agar BisKita Transpakuan segera berbayar. Bima menyebut tarif BisKita menunggu persetujuan Kemenkeu. https://t.co/eA6KkmC7ne,WinJGR,0,0
225,2023-04-18 07:24:38+00:00,1648226012105445376,Wali Kota Bogor Bima Arya tanggapi tuntutan sopir angkot agar BisKita Transpakuan segera berbayar. Bima menyebut tarif BisKita menunggu persetujuan Kemenkeu. https://t.co/7gHpD2CDnp,detikcom,2,0
226,2023-04-17 13:35:48+00:00,1647957032669184000,"@txtdaribogor Udah saatnya Kota Bogor beralih ke Biskita Transpakuan dan meninggalkan transportasi angkot. Angkot di Bogor itu jujur ga nyaman, panas, berisik, rawan kriminalitas, dan waktu kedatangan dan keberangkatannya ga jelas karena suka ngetem sembarangan.",softhunderboi,11,1
227,2023-04-17 13:32:30+00:00,1647956200775118848,Tuntutannya aneh. Udah saatnya Kota Bogor beralih ke angkutan bus rapit transit seperti Biskita Transpakuan.,softhunderboi,0,0
228,2023-04-17 12:27:18+00:00,1647939792292950016,@poldigoad najis transpakuan,LymphhhAsf,0,0
229,2023-04-17 06:47:32+00:00,1647854286947352576,"[bgr] yg mau naik transpakuan ke arah cidangiang mungkin bisa pikir2 lagi, aku nunggu udah sejam lebih dari sentul ga ada bis sama sekaliü•≤",bogorfess_,2,0
230,2023-04-17 06:08:31+00:00,1647844466768896000,"@ujang_marujang Maaf nimbrung, kalau gitu berarti angkotnya ditiadakan dan jadi transpakuan semua ? atau gimana yah ?
soalnya untuk transpakuan dan angkot nggak berbanding. juga sopir angkot kebanyakan kurang profesional dan memenuhi syarat, sehingga harus difilter lagi atau diberi pengarahan.",muditaiueo,0,0
231,2023-04-17 05:50:59+00:00,1647840054709207040,"mesin tap @PT_Transjakarta kalah canggih dibanding mesin tap @transpakuan yg tinggal tap langsung respons.. cepet banget nggak pake nunggu..
.
gimana tuh?",Pak_Dimas,0,2
232,2023-04-17 05:20:34+00:00,1647832401887002625,"@noonaaeri199 @somthincs @txtdaribogor Sebenernya sopir2 angkot itu bisa pindah ke TransPakuan aja ga sih? Toh penumpang juga lebih nyaman naik TP kan. Unit busnya juga bisa jadi nambah. Kalo kata orang mah ""if you can't beat them, join them"".",ujang_marujang,0,0
233,2023-04-17 05:14:03+00:00,1647830763688300544,"Sopir Angkot Bogor Mogok Operasi, Tuntut BisKita Transpakuan Segera Berbayar https://t.co/ZCWF167y2G",bogorchannel_id,0,0
234,2023-04-17 02:29:44+00:00,1647789411315363840,[bgr] biskita katanya ga ada ya krn demo angkot? Kl transpakuan yg sentul-cidangiang kira2 ada ga ya guys?,bogorfess_,0,0
235,2023-04-16 03:32:49+00:00,1647442896881328131,"mesin tap @PT_Transjakarta kalah canggih dibanding mesin tap @transpakuan tinggal tap langsung respons..
.
gimana tuh?",Pak_Dimas,0,1
236,2023-04-15 08:44:51+00:00,1647159034053791744,Rute Bus Trans Pakuan Bogor - https://t.co/ejERlpY4zL https://t.co/wO5dQyUB5k,idbcpr,0,0
237,2023-04-14 14:54:59+00:00,1646889793169813504,"@mentegakacanggg (well, at least they finally got around to reviving transpakuan)",strikninadotexe,1,0
238,2023-04-13 07:39:14+00:00,1646417744940904448,@stuckthesucks_ @memefess Transpakuan,njixiaa,0,0
239,2023-04-12 16:46:34+00:00,1646193100094849026,"@TatiSuherman Lah, gw juga dari Bogor, tat. Naik bis kita trans pakuan ke tajur",Hi_Quds,1,0
240,2023-04-10 08:09:21+00:00,1645338162359861248,@tanyakanrl Pantes transpakuan juga bakal di range 4-5k pdhal dah dibandingin sm tj yg 3.5 ternyata tj naek juga toh,bubobabibiiidi,0,0
241,2023-04-10 06:50:20+00:00,1645318277634330626,@gardadewangga transpakuan 4k its still cheap,everfolkies,0,0
242,2023-04-09 11:51:59+00:00,1645031802648825856,"- Kawasan Suryakencana, Gang Aut, Jl Roda sebagai Chinatown nya Kota Bogor semakin cantik dengan pemakaian corn block dan pelebaran pedestrian
- Jalur Trans Pakuan diperbanyak",aipsun,1,1
243,2023-04-09 07:31:31+00:00,1644966252082008064,"@adriansyahyasin Ikea bogor juga lumayan, bisa disamperin naik transpakuan",kenyangsekailee,0,0
244,2023-04-07 11:51:13+00:00,1644306835531505664,"Dalam waktu dekat, Biskita Transpakuan akan diberlakukan tarif.
Tarifnya belum diputuskan, InsyaAllah tdk akan memberatkan. Yg paling penting, pemberlakukan tarif ini harus dibarengi peningkatan fasilitas, mulai dari shelter, profesionalitas pengemudi &amp; penambahan jumlah armada. https://t.co/7vAbz7UlqE",PemkotaBogor,5,2
245,2023-04-05 05:33:03+00:00,1643486887330607104,"@txtdaribogor Btw Transpakuan ini ada yg ke daerah sentul gak, ya? Biar kalo pulang naik KRL gak ngegrab terus :"")",yooareprecious,0,0
246,2023-04-05 04:53:14+00:00,1643476869197762560,"@txtdaribogor Sejujurnya TransPakuan masih berasa kaya glorified angkot aja sih, bukan sistem BRT kaya TJ. Ga punya lajur khusus di jalan dan bayarnya tiap naik busnya bukan tiap masuk halte. Jadi ya ini jadi cuma angkot digedein, dirapihin naik turunnya, dan dikasih AC aja.",ujang_marujang,0,0
247,2023-04-05 03:27:16+00:00,1643455234939957249,Bogor Transpakuan/Biskita,obatbatukwoodz,0,0
248,2023-04-04 23:42:01+00:00,1643398546543226881,"Harusnya kota bogor nyediain bus sekolah gak sih, penumpang transpakuan biskita mayoritas anak sekolah https://t.co/eAos7e8yJe",arrffk,0,0
249,2023-04-04 18:50:43+00:00,1643325241433931776,@txtdaribogor Transpakuan yg haltenya jelek2 itu?,mark_on14june,0,0
250,2023-04-04 18:15:00+00:00,1643316251652161542,"Dinas Perhubungan (Dishub) Kota Bogor, Jawa Barat, mengumumkan besaran tarif Biskita Transpakuan sebesar Rp4 ribu sekali jalan.

#Dishub #Bogor #TarifBiskita #Biskita

https://t.co/UVm7jfrqDt",medcom_id,0,0
251,2023-04-04 12:50:00+00:00,1643234462006939650,"Dishub Kota Bogor, Jawa Barat, mengumumkan besaran tarif Biskita Transpakuan sebesar Rp4 ribu sekali jalan. Besaran yang ditetapkan ini lebih rendah dibandingkan yang diusulkan Pemkot Bogor, yakni Rp5.500

#bogor #biskita

https://t.co/UVm7jfrqDt",medcom_id,0,0
252,2023-04-04 11:51:52+00:00,1643219833016946688,"@txtdaribogor https://t.co/iRxFOaW2G9

Di BoTaBek
Trans Kota Tangerang: Tarif paling murah
Trans Pakuan: Koridor paling banyak

Kita kesampingkan Transjakarta dulu, ya",abelpramudya,0,0
253,2023-04-04 11:44:09+00:00,1643217893478535168,@txtdaribogor semoga transpakuan gapake tap in tap out ü§≤,salssee,0,0
254,2023-04-04 09:17:53+00:00,1643181082442080256,@txtdaribogor Coba transpakuan sampe kabupaten bogor,queenxuxi,0,0
255,2023-04-04 06:15:00+00:00,1643135056993742848,"Dinas Perhubungan (Dishub) Kota Bogor, Jawa Barat, mengumumkan besaran tarif Biskita Transpakuan sebesar Rp4 ribu sekali jalan. 

#Dishub #Bogor #TarifBiskita #Biskita

https://t.co/UVm7jfrqDt",medcom_id,0,0
256,2023-04-04 05:40:44+00:00,1643126434263891968,@txtdaribogor semoga transpakuan bisa dibanyakin lg soalnya jeda waktu bis selanjutnya suka lumayan lama :(,lostxqveen,11,0
257,2023-04-04 05:38:27+00:00,1643125862014009349,"Tarif angkutan layanan bus dalam kota di Jakarta, Bogor, Tangerang.

Bogor punya Transpakuan,
Jakarta punya Transjakarta,
Tangerang punya Tayo,

Depok sama Bekasi skip gak diajak https://t.co/63foKpIy6j",txtdaribogor,716,133
258,2023-04-04 05:00:27+00:00,1643116298422075393,"Dishub Kota Bogor, Jawa Barat, mengumumkan besaran tarif Biskita Transpakuan sebesar Rp4 ribu sekali jalan. Besaran yang ditetapkan ini lebih rendah dibandingkan yang diusulkan Pemkot Bogor, yakni Rp5.500

#bogor #biskita 

https://t.co/UVm7jfrqDt",medcom_id,0,0
259,2023-04-03 12:16:14+00:00,1642863576347217922,"Tarif BisKita Trans Pakuan diperkirakan  Rp 4.000 per penumpang. Penetapan tarif ini diharapkan diikuti perbaikan dan peningkatan layanan melalui perluasan rute dan armada bus.

https://t.co/6ksCfs1Lif

 #Metropolitan #AdadiKompas",hariankompas,0,1
260,2023-04-03 11:32:23+00:00,1642852543620587520,@duckiegoober Kukira Transpakuan ternyata Transjogja wkwkw,ErmansyahWendi,0,0
261,2023-04-02 23:03:29+00:00,1642664073904144384,Tarif Biskita Transpakuan di Kota Bogor diusulkan Rp 4.000. https://t.co/Hc455qVmIH,republikaonline,0,0
262,2023-04-02 16:26:33+00:00,1642564185958785025,"Badan Pengelola Transportasi #Jabodetabek (BPTJ) Kementerian Perhubungan menyampaikan bahwa layanan #Biskita Trans Pakuan di #KotaBogor akan segera dikenakan tarif berbayar dalam waktu dekat.
https://t.co/Bko5Q6nNhG",bindonews,1,0
263,2023-04-02 15:18:34+00:00,1642547073680822272,Pemkot Bogor sampaikan rencana pemberlakuan tarif Trans Pakuan https://t.co/tz5h6RFNFE,antarabiz,0,0
264,2023-04-02 06:27:50+00:00,1642413511337979905,"Setelah sekian lama memberikan pelayanan gratis khususnya bagi masyarakat Kota Bogor, BisKita Trans Pakuan akan segera memberlakukan tarif bagi penumpang. 

#infobogor #beritabogor #beritahariini #biskitatranspakuan #kotabogor #biskitakotabogor #welovebogor https://t.co/epaRcp5FvF",infobogor,18,10
265,2023-04-02 05:10:32+00:00,1642394060626489350,"Naik Biskita Transpakuan Mulai Berbayar, Dishub Kota Bogor Sebut Tiket Masih Sekali Perjalanan https://t.co/dGfJVKTlZB",bogorchannel_id,0,0
266,2023-04-01 18:49:49+00:00,1642237849243365377,Tarif Biskita Trans Pakuan Ditetapkan Rp 4 Ribu https://t.co/sJ8oRgX7be,kobrapostonline,0,0
267,2023-04-01 18:47:04+00:00,1642237156935766018,"Tarif Angkutan BisKita Trans Pakuan Kota Bogor Akhirnya Berbayar, Tunggu Kajian dari KemenKeu https://t.co/AeyJUXjDMV",tvOneNews,0,0
268,2023-04-01 15:11:12+00:00,1642182832020762625,"Jakarta, https://t.co/wKgHpxyppM - Badan Pengelola Transportasi Jabodetabek (BPTJ) Kementerian Perhubungan memastikan bahwa layanan BISKITA Trans Pakuan di Kota Bogor akan segera dikenakan tarif berbayar dalam waktu dekat.

https://t.co/sTdGooXUh0 https://t.co/oEZn1AXED1",haloindonesia88,0,0
269,2023-04-01 14:17:21+00:00,1642169281009029121,"#BeritaJabar 
Dishub Kota Bogor Tetapkan Tarif Biskita Transpakuan Rp 4 ribu
#penetapantarif 
#biskitatranspakuan
https://t.co/auU09ABIPc",jpnncom,0,0
270,2023-04-01 13:52:27+00:00,1642163017344512000,BPTJ Sebut Layanan Biskita Trans Pakuan Segera Berbayar https://t.co/oIkCo4ScmB,Beritasatu,0,0
271,2023-04-01 11:20:04+00:00,1642124665182392320,Dishub Kota Bogor TetapkanTarif Biskita Transpakuan Rp 4 ribu #dishubkotabogor https://t.co/auU09ABIPc,jpnncom,0,0
272,2023-04-01 03:30:41+00:00,1642006544220053507,"Tarif BisKita Trans Pakuan Rp4.000, Berlaku Pekan Depan - https://t.co/9fSIfFBjop #transpakuan #biskita #bogorkita #mediaonlinebogor",web_bogorkita,0,0
273,2023-04-01 03:29:50+00:00,1642006328578285568,Biskita Trans Pakuan Mulai Berbayar mulai Minggu Depan #biskita #transpakuan https://t.co/iDi6M9EyVs,web_bogorkita,0,0
274,2023-03-31 17:16:28+00:00,1641851970586804225,@txtdaribogor Jangan bandingin sama TJ lah. Penumpang transpakuan ga sebanyak TJ. Ga akan nutup operasionalnya klo tarif 3500,blujekID,0,0
275,2023-03-31 17:01:56+00:00,1641848312289705984,"BREAKING NEWS!!!

Transpakuan Biskita mulai menetapkan tarif layanan sekali jalan sebesar 4rb rupiah, berlaku mulai Minggu depan. 

Wdyt Daks? https://t.co/7rTKtIVhy7",txtdaribogor,474,125
276,2023-03-30 11:24:49+00:00,1641401087352770561,Rute Bus Trans Pakuan Bogor - https://t.co/tRIXknvpdV https://t.co/ujpKAlZ0HH,idbcpr,0,0
277,2023-03-29 19:12:09+00:00,1641156309071577088,"@BahasBus @eldwin92 @TfJakarta Halo minbus, salam kenal aku yang develop peta Trans Pakuan ini, terima kasih banyak apresiasinya ü§ó. Kedepan emang pengen update lagisih karena udah lumayan lama belum diupdate petanyaüôè oiya rencana pengen buat peta per koridor juga ya kurang lebih mirip transjakarta juga‚ò∫Ô∏è",irhamsyarif,1,0
278,2023-03-29 03:40:08+00:00,1640921759078838272,"Peta rute @transmetropku memuat informasi halte transit yg tdk tercantum di ketiga peta rute trans lainnya. Tentu informasi halte transit penting bagi pengguna. 
Namun, masalahnya sama dg Trans Pakuan, tdk ada info tarif, jam operasional, dan penunjuk arah laju bus.",BahasBus,0,0
279,2023-03-29 03:35:03+00:00,1640920477190492160,"Berikutnya, peta rute @transpakuan. Masalahnya, masih sama, tidak ada penunjuk arah dan tidak ada info tarif dan jam operasional. Meski tdk ada nomor telp layanan pelanggan, tapi ada beberapa kanal media sosial resmi yg bsa dihubungi.",BahasBus,0,0
280,2023-03-29 03:06:27+00:00,1640913282344312833,"Selamat!
Trans Patriot Bekasi punya peta rute paling informatif versi voting netizen Bahas Bus (43% dari 598 votes)

Juara 2 ada Trans Semanggi Surabaya (24,6%), disusul Trans Pakuan Bogor di posisi ketiga (22,6%), dan terakhir Trans Metro Pekanbaru (9,9%).

MinBus coba bahas, ya",BahasBus,2,0
281,2023-03-24 04:43:55+00:00,1639125870077177856,@bogorfess_ Adaaa transpakuan https://t.co/XbSlJBi9sv,nanonkoorapat,1,0
282,2023-03-24 04:08:49+00:00,1639117036403171328,@bogorfess_ transpakuan min,santikadnt,0,0
283,2023-03-21 12:48:18+00:00,1638160607273975809,@eldwin92 Kalau berdasarkan yg sudah-sudah sih biasanya karena konflik dengan transportasi eksisting. Tp mimin kurang tau kalau di Trans Pakuan ini.,BahasBus,0,0
284,2023-03-21 11:58:22+00:00,1638148038937182209,@eldwin92 Thanks to temen-temen @TfJakarta yang sudah develop peta Trans Pakuan.,BahasBus,5,0
285,2023-03-21 11:40:31+00:00,1638143548045381632,@BahasBus BisKita Transpakuan versi lengkap (semua koridor) https://t.co/J8DzHfA5U3,eldwin92,20,0
286,2023-03-21 01:23:20+00:00,1637988227708747776,"Trans pakuan ke arah jalan baru knapa selalu lama anjirrrr, terus sekalinya ada kaya ikan teri rame bgt",maultatang,0,0
287,2023-03-20 12:28:42+00:00,1637793283735961601,sekarang gue sudah tidak mengenal macet semplak ‚òùüèª‚òùüèª‚òùüèª kalo semplak macetnya ampe halte sbj transpakuan id rather choose taking the long way home (lewat jalan yg tembusnya ke gunung batu) to keep me sane lol üòãüëçüèª,SAASH1MI,1,0
288,2023-03-19 01:15:48+00:00,1637261554919014400,"@panilalatte @txtdaribogor Halte di Aeon nya ? Lobby apa ya, lupa..Tp driver nya Transpakuan tau smua koq, bilang aja Aeon pintu samping kalo pas diteriakin aeon..Jd km nanti lewatin halte depan aeon dulu, stelah ikea, baru pintu samping..Urutan nya ikea-aeon-pintu samping aeon - pasar bersih..",neesannisaa,0,0
289,2023-03-18 23:38:10+00:00,1637236985009152000,"Ingfooooo. 

Mingor lewat tadi lewat 05.30 ditutup total dan imbas kepada Transpakuan (transportasi public) waktu operasi nya dimundurkan https://t.co/En06Pnm1EE",txtdaribogor,61,14
290,2023-03-18 08:31:42+00:00,1637008864431476742,"@twitdariKang @txtdaribogor bus kota kayaknya ada deh yang baru itu, 2022 kemarin sebelum pindah ke bali ada namanya trans pakuan",daffafnya2,1,0
291,2023-03-18 06:49:00+00:00,1636983018945650689,"@UnpakMenfess transpakuan bis kita? beli aja nder e-money mandiri di bank / brizzi / tapcash bni
kalo ga ya beli e-money di Indomaret",restareaaaaxxxx,1,0
292,2023-03-17 04:37:28+00:00,1636587533072232449,di bus trans pakuan wajib pake masker makane ak kalo keluar selalu bawa masker buat naik busnya,alphacanismyrs,0,0
293,2023-03-17 01:42:24+00:00,1636543472663670784,"@WalterWisnu @Jagvilldo_ @AmmarGill Iyah ad biskita transpakuan, programnya kememhub. Pemkot bogor bagian nyediain infrastruktur pndukung kyknya.",bagussukma_,0,0
294,2023-03-16 10:13:57+00:00,1636309823901020161,"@diniaurelita @bogorfess_ Mjb ka setau aku transpakuan mah bayar dari dulu juga, 6-7k deh aku ke belnov, tapi udah aga lama. Yang gratis tuh biskita, tapi gatau sekarang masih gratis atau bayar",gutgutyogutleci,0,0
295,2023-03-16 06:45:00+00:00,1636257238338904066,[bgr] transpakuan dari aeon sentul ke bogor kota ada gasih? naiknya dimana ya? terus turunnya dimana juga yaa?,bogorfess_,7,0
296,2023-03-16 04:56:30+00:00,1636229934804000768,"@OmInur Halo izin mau nanya mas, kalau dari stasiun bogor ke kebun raya untuk rutenya trans pakuan bisa ga ya? Atau prefer jalan kaki aja?",RifkiAljabar,0,0
297,2023-03-15 07:43:20+00:00,1635909530143051776,@tanyakanrl Yang 10rb mah transpakuan,amyourss_,0,0
298,2023-03-14 16:48:31+00:00,1635684341107019776,Rute Bus Trans Pakuan Bogor - https://t.co/gCdelDn5NC https://t.co/V8AbqU4Lih,idbcpr,1,1
299,2023-03-13 16:16:20+00:00,1635313854677946368,"@worksfess Tanjung barat sih enak, kalo aeon susah, soalnya transpakuan kalo diatas jam 1 siang jadwalnya jadi tiap sejam sekali jadi kalo u udah telat ya nunggu sejam xixi",amyourss_,4,0
300,2023-03-13 15:33:04+00:00,1635302965354565633,@peachbunnyr @worksfess mjb transpakuan koridor berapa yg sampe aeon sentul kak?,enernad,0,0
301,2023-03-13 13:16:44+00:00,1635268658707730433,"@worksfess nder kamu bogor dimana nya? kalo deket stasiun tanjung barat aja, kalo deket botani bisa ambil aeon naik transpakuan. ke sentul agak susah transportasi umumnya cuma ya lebih deket. kalo aeom tanjung barat persis deket stasiun, tj barat-bogor juga ga terlalu jauh",yellowissacool,2,0
302,2023-03-13 12:14:30+00:00,1635252998325825536,Besok gua kasih liat deh betapa cepetnya tap di mesin RFID Transpakuan. Cem di Jepang. Effortless..,rdtlco,0,0
303,2023-03-13 10:16:10+00:00,1635223215843975168,"@worksfess aeon sentul nder, skrng ada bis trans pakuan kok dia ada sampe malem halte nya persis depan aeon sentul bngt",peachbunnyr,0,0
304,2023-03-13 08:34:00+00:00,1635197505691582464,"Ini dia beberapa peta informasi rute BRT:
1. Trans Metro Pekanbaru, 
2. Trans Pakuan Bogor,
3. Trans Patriot Bekasi,
4. Trans Semanggi Surabaya

Keempatnya sama-sama menggunakan 'peta garis' tetapi dengan kelengkapan informasi yang berbeda. https://t.co/NwHyKszwqF",BahasBus,53,12
305,2023-03-12 04:10:27+00:00,1634768792374108163,Bobrok anj transpakuan bogor!!!!,ky_arid,0,0
306,2023-03-11 13:16:59+00:00,1634543946469900290,menunggu bus trans pakuan yang tak kunjung datang üò≠,uraawrr,0,0
307,2023-03-10 13:45:00+00:00,1634188606897266690,üíö yg org bogor boleh reply ga aku mau nnya2 naik transpakuan,tanyarlfes,2,0
308,2023-03-10 07:25:00+00:00,1634092977261019137,"[bgr] mau nanya, kalo ke aeon sentul kan bisa pake transpakuan, nah itu bayarnya berapa ya? terus biar tau jadwal busnya bisa liat dimana ya? makasih yg udah bantu jawab",bogorfess_,4,2
309,2023-03-10 03:55:00+00:00,1634040130095968256,[bgr] kalau mau ke aeon naik bus transpakuan turun di halte aeon nya kan ya?,bogorfess_,1,0
310,2023-03-10 03:17:35+00:00,1634030713535340545,@Pak_Dimas Alat tapnya Trans Pakuan aja udah kek di Jepang cepetnya..,rdtlco,0,0
311,2023-03-05 05:57:32+00:00,1632259025369960448,"@gyulvrr Kalo di bogor trans pakuan ciaa namanyaa, nakss bogorr mana suaranyaa haha",tubatyeonie,0,0
312,2023-03-05 05:49:22+00:00,1632256971486425094,@yeonrizzz1 TRANS PAKUAN GIMANAAA,gyulvrr,0,0
313,2023-03-05 05:42:21+00:00,1632255205126569985,@gyulvrr mengingatkanku pada trans pakuan,tubatyeonie,0,0
314,2023-03-03 01:26:21+00:00,1631466004823035904,"@Askrlfess Alasan aku lebih pilih motor, Jjr aku sh sbnrnya lbh suka pake bis kya tj tpi dibogor namanya transpakuan gtu tpi syg rutenya terbatas dan unitnya juga dikit klo nunggu bisa sejam lebih krna penuh dan terbatas.",imaqueen2023,0,0
315,2023-03-02 12:51:02+00:00,1631275924728741888,@bogorfess_ Transpakuan jadinya gimana dah?,wonwooshut,0,0
316,2023-03-02 09:30:48+00:00,1631225531302842370,transpakuan sentul keren decccc di jadwal dateng jam 16.15 beneran dateng exactly di jam segitu,dii__na,1,0
317,2023-03-01 09:05:50+00:00,1630856862525718528,"Ngerasain naik trans pakuan bogor, Seru juga.",miinnntt,0,0
318,2023-02-27 13:13:06+00:00,1630194314872762369,@chaexoung transpakuan itu punya puan maharani?,okaeweri,0,0
319,2023-02-27 10:49:29+00:00,1630158170244157440,@withoutcarla @bogorfess_ Terus naek transpakuan ke bubulak. Naek 03 dibubulak turun di rp naek 08 balik lagi dah cibinong,redirebel,0,0
320,2023-02-26 20:24:21+00:00,1629940453595561984,Rute Bus Trans Pakuan Bogor - https://t.co/JKJmv4GBvB https://t.co/wVNLjmpvVf,idbcpr,0,0
321,2023-02-26 18:16:39+00:00,1629908317538598915,Pemkot Bogor Tunggu Keputusan BPTJ Terkait Tarif Biskita¬†Transpakuan https://t.co/ULFDkdSPr6,Line_LKH,0,0
322,2023-02-25 09:31:43+00:00,1629413826105077760,@sbyudhayono @dwanalaksmita yg pasti sih gue ga pacaran di parkiran pangrango ya atau di Trans Pakuanüôäüôäüôä,vousmevoguee,0,0
323,2023-02-23 14:04:01+00:00,1628757575071334400,@urlovelymeow Transpakuan adalah kunci,Jashujan00,0,0
324,2023-02-23 12:02:38+00:00,1628727027875594241,"Sepanjang 7 menit jalan, akan lihat banyaknya orang antri nungguin Trans Pakuan, orang jualan, dan kawasan alun2 kota https://t.co/bQizyJYL4h",OmInur,0,0
325,2023-02-22 22:30:43+00:00,1628522704663085056,nyobain trans pakuan üöå,dotpiwai,0,0
326,2023-02-22 06:17:58+00:00,1628277901664854016,"@adriansyahyasin Mungkin mas @adriansyahyasin perlu cek mesin tap trans pakuan biskita di ig ini 

https://t.co/0fhAD3pQQH

Mereka punya ""pendapat"" lain",Giganesh25,1,0
327,2023-02-21 15:17:53+00:00,1628051387606257664,Rute trans pakuan gabisa berhenti depan unpak sekalian ya?üò≠,Matchanamu,0,0
328,2023-02-21 14:59:20+00:00,1628046719102631936,"@bogorfess_ ga worth lah. halte pd jauh, nunggu bus lama. udh gitu busnya jg kecil kan jd daya tampungnya sedikit. keknya masih lebih gedean bus trans pakuan dulu deh. dan kalo mesti bayar goceng, yg ada org2 balik naik angkot yg armada nya bejibun, lintas kota kabupaten. bisa turun dmn aja",rubyrdn,8,0
329,2023-02-21 11:24:22+00:00,1627992623305887744,@bluehour020 @lokisprinkles @worksfess Ada transpakuan sebogor kota gratis. Krl juga ada. Mahal engga nya tergantung jajan sih,cioyengmtk,1,0
330,2023-02-20 05:02:08+00:00,1627534042462851072,"Biskita transpakuan mulai sosialisasi pake alat tap baru nih, lebih cepet sih dibanding yg sebelumnya tp 1 kartu ga bs lebih dr 1 org lagi. Kata drivernya mulai sosialisasi dulu, persiapan klo uda full ga gratis lagi ü•π cc @txtdaribogor",exmaaaaaaa,0,0
331,2023-02-19 11:21:00+00:00,1627267000098754561,"Nunggu @transpakuan di halte Pulo Armin dari udah hampir 30 menit, begitu datang eh gak buka pintunya. Nunggu lagi for another 30 minutes I guess? Emang kalo weekend gini yah headway-nya?",agustin_wardani,0,0
332,2023-02-18 11:18:09+00:00,1626903894831034368,"Belajar sabar abis di prank 2x sama rute Biskita Transpakuan. Di rute dengan jelas akan berenti di halte x, nyatanya enggak. 2x begitu

Ceuk si Bima ge sakitu ge uyuhan siah naek bis gratis ngelunjak",kukuhnapaki,0,0
333,2023-02-17 08:46:45+00:00,1626503405966589954,Pulang naik transpakuan gratis. Wkwwkwk..,rdtlco,0,0
334,2023-02-16 03:40:44+00:00,1626064006300733440,ketagihan naik transpakuan wkwkwk https://t.co/suMKmObsHn,koowfairy,0,0
335,2023-02-14 07:20:34+00:00,1625394553653174272,@muchlis_ar @BimaAryaS TransPakuan sebagai langkah maju.. setuju. Angkot  dah beres? ya masih jauh.. fair aja. üôè,excommunic4do,1,0
336,2023-02-13 07:37:48+00:00,1625036502219755526,"Biskita Transpakuan Korsleting di Jalan Dadali, Begini Kondisinya https://t.co/AtzCOwWJyC",radarbogorID,0,0
337,2023-02-13 06:54:43+00:00,1625025660233351174,@piyopikavet @Mpok_Hanum @BimaAryaS iya. tp lihat transpakuan pagi2 pada penuh.. haltenya bagus2. kemajuan banget.,muchlis_ar,0,0
338,2023-02-13 05:22:18+00:00,1625002402788311048,"Biskita Transpakuan Masih Gratis, Pemkot Bogor Belum Tetapkan Tarifnya¬† https://t.co/NKbRwm7L4L",radarbogorID,1,0
339,2023-02-13 01:42:42+00:00,1624947136331911169,"TransPakuan Bogor melintas di depan Balaikota.

Melintas Bogor sejak th 80 an, gak kepikir bakal ada yg bisa beresin lautan angkot Bogor.. 

Walkot Bogor skrg ini hebat. Maju Gubernur kang @BimaAryaS. 

Titip beresin angkot Depok.üôè https://t.co/p6d53lSvKw",muchlis_ar,39,9
340,2023-02-11 23:18:05+00:00,1624548357279744000,"@faris_sina Susah.. dan mahal, supaya tarif affordable subsidi harus tersedia. Tahun2 awal, demand pasti masih kecil. Belum lagi gontok2an sama angkot.. Tp masih bisa sih selama political willnya kuat. Bisa contoh Bogor dgn Transpakuan nya",dilafrizal,2,0
341,2023-02-11 00:54:04+00:00,1624210124331155456,Rute Bus Trans Pakuan Bogor - https://t.co/XCSn46Etjk https://t.co/9SkpGLhjoA,idbcpr,0,0
342,2023-02-09 13:57:41+00:00,1623682552883220486,"@bptj151 ini twitternya aktif ga sih? Gue kalo mau nanya jadwal biskita transpakuan Bogor bingung, download aplikasi ngaco, telpon call center ga aktif. Cape deh",batagorcrispy,0,0
343,2023-02-07 16:23:04+00:00,1622994361817632770,Jadwal dan Rute Biskita Trans Pakuan Bogor Mulai dari Koridor 1 hingga Koridor 6 https://t.co/BqdZG5G99D,bogorchannel_id,0,0
344,2023-02-05 15:08:41+00:00,1622250867377467393,"Jakarta angkotnya udh diganti Mikrotrans, Bogor udh pake Trans Pakuan, Tanggerang punya angkot benteng yg pake AC, sedangkan Depok masih pake angkot busuk kek giniüôÉ",rfjr20586,0,0
345,2023-02-05 12:29:06+00:00,1622210706916667392,"Pakar Sebut Transportasi Publik di Depok Perlu Dibenahi, Beri Contoh Trans Pakuan di Bogor https://t.co/6ud7hiiVcl #TempoMetro",tempodotco,1,0
346,2023-02-04 14:18:28+00:00,1621875841910345729,"Hampir semua wilayah penyangga Depok, Tangerang dan Bekasi serta kab  Bogor sepertinya ""tak berminat"" memperbaiki layanan transportasi umum.
Mungkin hanya Pemkot Bogor yang mulai berbenah dengan penyediaan Trans Pakuan .
@BimaAryaS",hsolichin,0,0
347,2023-02-04 02:54:13+00:00,1621703643383865344,"""seuseupan yuk?"" 
""naik tp aja mau gak?"" 
""bolehh"" 

pacaran naik transpakuan pake baju sma sama kwanüò≠üò≠üò≠ rumah mb'nya di yasmin (lagi2 aku) (maaf) (ini circa 2013an jd masi transpakuan) hobinya belajar terus pulang bareng 22nya anak IPS BENTAR GUE SALTING DULU",jejuoorange,0,0
348,2023-02-04 02:37:24+00:00,1621699411704418304,anak smanti pacarnya anak smanda (aku) (maaf) kwan tuuu rumahnya bcc gaksih si paling giat mengejar transpakuan wkwkwkwküò≠üò≠,jejuoorange,1,0
349,2023-02-03 22:03:59+00:00,1621630606546448384,@bogorfess_ Naik transpakuan kak,kasyabi,0,0
350,2023-02-03 13:52:28+00:00,1621506910376820738,@bogorfess_ Naik trans pakuan aja nder. Turun seberang stasiun,luvrbrew,0,0
351,2023-02-03 07:28:51+00:00,1621410369368461312,5. Via Biskita Transpakuan https://t.co/OsaqhpbAJn,PemkotaBogor,0,0
352,2023-02-02 06:36:55+00:00,1621034912026603520,"Wajah Angkutan Perkotaan Berskema Buy The Service, Sudah Layani 47 Koridor di 10 Kota https://t.co/gpjOYTExTD @jokowi @kemenhub151 @BudiKaryaS @hubdat151 @mtijakartaraya @menujusemarang1 @bptj151 @transpakuan  @BusBST_Solo @infobmstrans @Trans_Jogja @YLKI_ID @Travelers @08Biyan",imam_rachman_,0,0
353,2023-02-02 02:54:37+00:00,1620978970748678145,@bogorfess_ kata beberapa driver sih 3500/4rb ceunah. terus kalo transit bayar 2 kali soalnya non brt ga sih bis transpakuan mah,kimoychiii,0,0
354,2023-01-30 06:25:51+00:00,1619944967144886272,transpakuan K2 ni habis apa gimana daritadi ga lewat2 huft,yeolkim92ifah,0,0
355,2023-01-29 04:37:33+00:00,1619555320887668736,Masa-masa naik transpakuan udah kayak nonton india.. 3jam,iqbaluz,0,0
356,2023-01-27 22:43:03+00:00,1619103721581072385,"@bdngfess Biskita Trans Pakuan di Bogor orang¬≤ kalo turun pada bilang makasih. Mungkin karena dari awal uji coba sampe sekarang masih gratis. Busnya juga lebih kecil, semoga sampe udah jadi bayar jadi kebiasaan buat bilang makasih.",Altersora1,0,0
357,2023-01-27 12:21:08+00:00,1618947213237063686,"yang anak Bogor, cara naik biskita transpakuan(?) itu gimana deh?",abicdefu_,1,0
358,2023-01-27 08:41:08+00:00,1618891846251606017,@hrdbacot Naik transpakuan/biskita bogor juga sering ada yg bilang makasih ke pak supirnya,kurakuraninjas,0,0
359,2023-01-27 07:57:00+00:00,1618880741663981569,Di bogor kalau naik trans pakuan Ge gini da,day6real,0,0
360,2023-01-27 07:42:25+00:00,1618877068640657408,"@hrdbacot Di bogor jg gt nder turun trans pakuan bilang ""makasih pak"". Emg ada yg aneh ya dg bilang makasih?",MahiraUtama,0,0
361,2023-01-26 14:55:58+00:00,1618623790011019264,@txtdaribogor Bisa percepat peralihan dari angkot ke transpakuan mungkin ya. Angkot bikin ruwet banget.,GGpurnama,0,0
362,2023-01-26 08:07:11+00:00,1618520913947029505,Rute Bus Trans Pakuan Bogor - https://t.co/EvIW1VwAzg https://t.co/QVhjMLFBN7,idbcpr,0,0
363,2023-01-23 01:53:52+00:00,1617339804047527936,"@Askrlfess bus trans pakuan aja nder, gratis kalau pake kartu pelajar/mahasiswa",blueocxean,0,0
364,2023-01-21 01:07:36+00:00,1616603382357319681,"kembali hadir disini sendiri
.
.

Trans Pakuan
Perumda Transportasi Pakuan
06
CIDANGIANG - MAL BELLANOVA
Isuzu NQR-71
City Liner
Rahayu Santosa Caroserrie
üìçCidangiang https://t.co/tsUVPUnBl9",AdiiAFVs,1,0
365,2023-01-20 05:32:23+00:00,1616307630225620994,"@aditya_donni69 @txtdaribogor Mnding angkot nya aja yg dibilangin ganti pakai trans Pakuan 

Selsai macet bogor",Abdulwa00396516,0,0
366,2023-01-19 11:47:44+00:00,1616039702741807104,"@beysydney666 @txtdaribogor Kalo mau tertata, harus berani mengorbankan. Bogor udh semerawut bngt sama angkot. Minimal jalur Transpakuan diupgrade lagi.",txt_zar,0,0
367,2023-01-19 09:23:59+00:00,1616003528442679301,"@BisKota_ @teman_bus @CommuterLine Dulu BisKita Trans Pakuan isunya lagi ""ngusahain"" buat bisa pake KMT, tau deh kelanjutannya gimana",MiyanagiDeswira,0,0
368,2023-01-18 04:48:59+00:00,1615571933923508225,"@NAAK008 @AyMariachii @worksfess Naik jaklingko, trans pakuan bogor, itu semua gratis, jangan2 mba kejang2 üòÑ",RGumilangHP,1,0
369,2023-01-18 03:04:40+00:00,1615545682341007362,"@WithJeane @adriansyahyasin Pengguna Biskita Transpakuan dapat mengakses aplikasi Temanbus untuk cek jadwal, ketersediaan dan treking biskita Transpakuan secara realtime ya kak..",PemkotaBogor,0,0
370,2023-01-17 05:48:18+00:00,1615224471438397441,Belum kesampean naik trans pakuanüòî,yawdhhh,0,0
371,2023-01-17 05:29:10+00:00,1615219656708730881,"@adriansyahyasin menurut ku armadanya kurang,dan informasi trans Pakuan lebih mirip mading sekolah ü•∫",nurrohmanaf96,0,0
372,2023-01-16 15:16:55+00:00,1615005184127795201,TransPakuan semakin di depan üí™,RayyiyyaR_,0,0
373,2023-01-16 15:04:23+00:00,1615002026559295489,"Transpakuan itu thebest sih, dulu suka naik dari botani, turun jalan baru pas sd. Sayangnya ilang. Skrng blm naik lagi setelah bis kita",sunxlemoon,0,0
374,2023-01-14 16:30:52+00:00,1614299017428766720,"@dominikan28 @berburusales Jemput di Alun2 wkwkwk, mager naik Trans Pakuan ü§£",loveydivey,0,0
375,2023-01-14 15:53:29+00:00,1614289609638432769,oiyaa trs seneng juga krn ktm w ternyata bisa dipake buat naik trans pakuan&lt;3,apaanneeh,0,0
376,2023-01-14 10:59:19+00:00,1614215580403535876,@tanyakanrl Transpakuan https://t.co/eZvb33rklw,Jenus0xJihan,0,0
377,2023-01-14 00:35:12+00:00,1614058514833608704,Untung trans pakuan (re:bis kita) tidak bgini,simpoverzane,0,0
378,2023-01-13 21:08:48+00:00,1614006572933603329,"Why Tanah Baru/Ciluar, N Bogor will never, ever, EVER, get a BisKita/Transpakuan route: exhibit A.

Unless, of course, the concept changes and/or the road is widened. https://t.co/yVBSUgMLUW",arfrahman,0,0
379,2023-01-13 06:32:46+00:00,1613786112102916099,"@bogorfess_ Transpakuan terakhir ku naik tahun kemarin 10k dear, bisa ko turun di aeon sentul",annsrrr,0,0
380,2023-01-13 03:02:18+00:00,1613733145735737344,"[BGR] Bantu info dong guys Transpakuan Cidangiang - Sentul city, tarifnya berapa, rute pagi ada di jam berapa? Halte yg di sentul turun di aeon mall bukan? üôèüèª",bogorfess_,1,0
381,2023-01-13 02:51:34+00:00,1613730444285181954,@bogorfess_ Naik biskita dulu sampe cidangiang terus naik transpakuan,haiakuraa,0,0
382,2023-01-13 01:04:22+00:00,1613703465972420608,"@bogorfess_ Ciawi naik Cileungsian kali, apa naik Transpakuan ke Belanova? Hmmm",gutgutyogutleci,0,0
383,2023-01-13 00:49:40+00:00,1613699767586160641,@bogorfess_ Transpakuan 10rb,tokoaischatz,0,0
384,2023-01-11 11:16:23+00:00,1613132710679281664,"Sarana Lintas Pakuan
.
.

Trans Pakuan

1| CIDANGIANG - BUBULAK
Hino FB130
Nucleus
Laksana Caroserrie

TP| CIDANGIANG - MAL BELLANOVA
Isuzu NQR-71
City Liner
Rahayu Santosa Caroserrie
üìç Cidangiang https://t.co/fi3DVV4YKD",AdiiAFVs,3,0
385,2023-01-11 00:54:46+00:00,1612976275521667073,"Hotel Berorientasi Transit
.
.

Trans Pakuan
Perumda Transportasi Pakuan
CIDANGIANG - MAL BELLANOVA
Isuzu NQR-71
City Liner
Rahayu Santosa Caroserrie
üìçCidangiang https://t.co/8zwLF2rB0s",AdiiAFVs,1,0
386,2023-01-10 13:31:43+00:00,1612804379425538048,Rute Bus Trans Pakuan Bogor - https://t.co/7jE6Os7O5y https://t.co/uLOILoT6yp,idbcpr,0,0
387,2023-01-10 10:05:25+00:00,1612752462548709380,Rencana Pemberlakuan Tarif BisKita Transpakuan Bogor https://t.co/J2gqQysSLP,ceklissatucom,0,0
388,2023-01-09 00:59:07+00:00,1612252592972926977,@txtdaribogor Kesini bisa naik bis trans pakuan gak??,nandaubay,0,0
389,2023-01-08 09:07:00+00:00,1612012987568787456,"Suatu hari di Bubulak
.
.

BISKITA
Trans Pakuan

1| BUBULAK - CIDANGIANG via YASMIN - WARUNG JAMBU - JUANDA

2| BUBULAK - CIAWI via CIDANGIANG - STASIUN BOGOR - JUANDA

Hino FB130
Nucleus
Laksana Caroserrie
üìçTerminal Bubulak https://t.co/FpYHyzsACm",AdiiAFVs,1,0
390,2023-01-08 05:58:02+00:00,1611965432386420738,"Angkot ugalan, trans pakuan ugalan, motor juga, sdm rendah anjir kesel bgt.",Kazehoki,0,0
391,2023-01-08 03:59:07+00:00,1611935507617046529,@NurRnurhakim87 @bogorfess_ Kalo transpakuan ke sentul bisa cash/pake qr gt a kalo kmrn naik mah,pecintachanyeol,0,0
392,2023-01-08 03:00:06+00:00,1611920654437322754,"@bogorfess_ Min,kalau naik transpakuan byr nya pake cash atau kartu tempel???????",NurRnurhakim87,0,0
393,2023-01-08 00:28:29+00:00,1611882498715443200,@mmaliki_ @adriansyahyasin Mayan sekarang ada Trans Pakuan hidup lagi. Bis ny bagus2,tedzinski,0,0
394,2023-01-07 10:02:02+00:00,1611664446686126080,"@adrianyuly @ariobimo___ @thedufresne Di Jabar karena melibatkan lima kota kabupaten butuh kesepakatan semua. Kajian juga tidak sebentar. Bandung Raya juga sudah punya Trans Pasundan. Bogor punya Trans Pakuan. Baik Jogja maupun Jatim kayaknya modelnya sama dgn yg TMP, bukan BRT.",mrs_enci,2,2
395,2023-01-07 03:32:31+00:00,1611566422253260800,"@yourssss_xb @ridwankamil Rencana Revitalisasi Terminal Cibinong dipegang sama BPTJ Kemenhub kak kalau lihat kop nya karena masih wilayah Jabodetabek seperti Trans Pakuan Biskita dan Terminal Jatijajar dipegang oleh BPTJ. Masalahnya belom tau ini bakal direalisasikan kapan, termasuk trotoar st. Cibinong https://t.co/E41xvF3Wfh",JXperience,1,0
396,2023-01-06 22:48:00+00:00,1611494820727644160,@hendyrezaa Seneng deh skrg udh mulai bnyk transportasi umum di mana-mana ‚ù§Ô∏è. Kemarenan gw ke Bogor (yg kota) jg udah ada transpakuan. Hoping Depong nyusul,eksoterm,0,0
397,2023-01-06 07:25:46+00:00,1611262734687145986,tar jalur trans pakuan k2 lewat mana nih,alphacanismyrs,0,0
398,2023-01-06 07:16:28+00:00,1611260394219372544,"Sementara itu, Transpakuan rute Cidangiang - Sentul city mengalami kenaikan menjadi sebesar Rp 12.000. https://t.co/mVunRPVLh9",txtdaribogor,26,4
399,2023-01-06 03:52:21+00:00,1611209028474109952,"@addxtiv @aik_arif Banyak yang gak tau klo Jabodetabek itu punya institusi namanya BPTJ (Badan pengelola Transportasi Jabotabek) yang menplanning, mendesain, dan mengatur pengelolaan transportasi greater jakarta termasuk MRT, TJ, terkahir Biskita transpakuan di bogor itu.",wadmaja,0,0
400,2023-01-06 02:48:42+00:00,1611193007784755200,"@txtdaribogor @PemkotaBogor terus haltenya jauh jauh ga sih? pernah ngobrol sih sama bapak drivernya, katanya kalo haltenya deket2 kaya TJ supir angkotnya ga terima wkwk. tapi bnr deh kadang aja di st bogor angkot suka pada sengaja ngehadang transpakuan anjir gjls banget üò≠",kimoychiii,0,0
401,2023-01-05 12:05:41+00:00,1610970790383747072,@txtdaribogor @PemkotaBogor Besaran tarif Biskita Transpakuan yang diusulkan ke Kemenhub oleh Pemkot Bogor sebesar Rp5.500. Selain itu Pemkot Bogor juga sedang membahas mengenai tiket terusan Biskita Transpakuan dengan Badan Pengelola Transportasi Jabodetabek (BPTJ).,web_bogorkita,1,0
402,2023-01-05 11:43:50+00:00,1610965293253431300,@regalkuu @cinnamongirlc Saya sebagai warga jabar bagian kota bogor ga terpengaruh sama issue tentang transportasi di Bandung. Jd ga ikutan komen mengenai hal ini krn di Bogor udah ada transpakuan dan sangat digemari warga Bogor.,wikefatimah,0,0
403,2023-01-05 11:17:48+00:00,1610958739447619585,"Pemkot Bogor Kaji Tiket Terusan, Biskita Transpakuan Masih Gratis | https://t.co/jrem9yGM7s",inilahkorancom,0,0
404,2023-01-05 11:00:05+00:00,1610954282676936707,"Biskita Transpakuan Rencana Dikenakan Tarif Rp5.500, Pemkot Kaji Tiket Terusan - https://t.co/n0rHddAEQu #biskita @txtdaribogor",web_bogorkita,0,1
405,2023-01-05 10:07:57+00:00,1610941163695112198,[bgr] GAIS Ini teh biskita Transpakuan k2 ga jalan ya? üò≠ anying 1 jam nungguan di taman topi ga muncul-muncul. Mana geus numpuk orang orang üò≠,bogorfess_,2,0
406,2023-01-05 09:39:08+00:00,1610933912066482176,@kimoychiii @tanyakanrl katanya bogor sekarang maksimalin transpakuan ya kak drpd angkot? soalnya liat di tiktok walikotanya:‚Äù,endmytears,0,0
407,2023-01-05 08:09:21+00:00,1610911314997829632,@Dediy_orlando @hantu_baik0 @alharits19 @Ki7ing @__nisrinafsh @AhmadShiddiqN @Restarea83 @RK_JabarJuara @Outstandjing @ridwankamil TransPakuan termasuk program temanbus bantuan kemenhub ya? Kalo itu di Purwokerto alias Banyumas juga ada. Solo juga ada. Cuma yg saya tulis tadi yg murni pake APBD.,Mobmoo7,0,0
408,2023-01-05 07:48:58+00:00,1610906186353872898,"Tarif Biskita Transpakuan Diusulkan Rp5.500, Pemkot Kaji Tiket Terusan https://t.co/WcU10NgIRO",radarbogorID,0,0
409,2023-01-05 07:40:17+00:00,1610903999301177346,"Radar Bogor : Tarif Biskita Transpakuan Diusulkan Rp5.500, Pemkot Kaji Tiket Terusan  https://t.co/a4N9O0rUTG",idnjaya89,0,0
410,2023-01-05 04:52:07+00:00,1610861679260364801,@tanyakanrl bandung transportasi bus gini agak bentrok sama angkot ga sih? gua pernah di marahin supir angkot di sana gara gara nunggu damri kaya busway gitu. sama di bogor juga transpakuan agak bentrok sama angkot. mangkannya haltenya jauh jauh üò≠,kimoychiii,2,0
411,2023-01-05 03:46:40+00:00,1610845209633656834,@aniesbaswedan @jakpost @DishubDKI_JKT @DKIJakarta ya elah nga usah banyak pamer d Bogor aj angkutan Trans Pakuan gratis... harusnya d Jakarta angkutan Jak lingko d gratiskan sperti Rencana Gubernur sebelumnya,Rudibhisma,0,0
412,2023-01-05 03:10:03+00:00,1610835994630324226,"Trans Pakuan versi upgrade aja sekarang penuh mulu. Anak sekolah, ibu2, pekerja, dll. Masa Bandung yang segitu padetnya kalah sama Bogor. Pak Ridwan Kamil berkantor di sana. Masa jabatannya banyak dihabiskan di Bandung, masa ga pernah liat realita macet. :/",mejikjar,1,1
413,2023-01-05 02:07:08+00:00,1610820158536441856,"At least 8 tahun Bima Arya jabat bisa nertibin angkot, memperbaharui transpakuan &amp; menambah rute, udah gitu gratis lagi untuk meningkatkan minat masyarakat naik transportasi umum",AstiKhairunnisa,0,0
414,2023-01-04 16:09:30+00:00,1610669762203512834,@sdnarm @txtdaritng NAH ETA!!! Kayaknya @Kota_Tangerang bisa stuban ke Pemkot Bogor terkait fasilitas halte &amp; bus krn Trans Pakuan lebih nyaman dilihat (dari halte dan armada busnya). Bisa juga suwun ke @PT_Transjakarta untuk belajar dasar-dasarnya dulu. Nggak ada salahnya belajar dari pengalaman,katanya_fafifu,0,1
415,2023-01-03 09:49:02+00:00,1610211624446734336,@txtdaribogor Lah photo bisnya itu di ipb. Padahal transpakuan ga smpe ipb dramaga,mahasiswaaipibi,9,0
416,2023-01-02 23:11:35+00:00,1610051204322832384,@txtdaribogor Kalau byr pake cash atau kartu elektronik??????? @transpakuan,NurRnurhakim87,0,0
417,2023-01-02 17:41:24+00:00,1609968110739820545,"ini transpakuan kok di IPB, udah sampe IPB kah?",ovis_aries2000,0,0
418,2023-01-02 17:06:03+00:00,1609959216902721537,trans pakuan pake jaklingko bisa kaga ya,triviapsh,0,0
419,2023-01-02 15:24:12+00:00,1609933586505039872,kalo tarifnya masuk akal w tetep naek trans pakuan ketimbang angkot yang ngetem nya naudzubillah bikin emosi,alphacanismyrs,0,0
420,2023-01-01 00:04:07+00:00,1609339649813811201,"@vvotanet @officialJKT48 @MelodyLaksani Transport umum agak susah. Dari Stasiun Bogor transit ke halte Bappeda (sebelah alun2) Trans Pakuan K2, transit lagi koridor ke Sentul. Turun seberang Bellanova, jalan 1 kiloan. Kalo pake Transjabodetabek yang arah Bubulak/Leuwiliang gatau masih ada apa kagaknya tuh https://t.co/pmaX5z3403",JXperience,8,0
